kecamatan_id,kecamatan_nama,month_start,rainfall_mm,temp_mean_c,humidity_pct
33.74.01,Semarang Tengah,2021-01-01,292.4,25.7,87.8
33.74.01,Semarang Tengah,2021-02-01,364.0,25.6,87.4
33.74.01,Semarang Tengah,2021-03-01,157.0,26.3,86.2
33.74.01,Semarang Tengah,2021-04-01,84.2,26.9,81.2
33.74.01,Semarang Tengah,2021-05-01,153.2,27.8,76.7
33.74.01,Semarang Tengah,2021-06-01,111.9,27.0,80.2
33.74.01,Semarang Tengah,2021-07-01,9.9,28.2,62.9
33.74.01,Semarang Tengah,2021-08-01,64.2,28.5,64.4
33.74.01,Semarang Tengah,2021-09-01,59.2,28.4,67.2
33.74.01,Semarang Tengah,2021-10-01,121.2,28.2,71.6
33.74.01,Semarang Tengah,2021-11-01,246.4,26.4,85.5
33.74.01,Semarang Tengah,2021-12-01,302.2,26.3,86.6
33.74.01,Semarang Tengah,2022-01-01,241.8,26.0,84.8
33.74.01,Semarang Tengah,2022-02-01,236.4,26.1,84.4
33.74.01,Semarang Tengah,2022-03-01,248.5,26.4,86.0
33.74.01,Semarang Tengah,2022-04-01,118.1,26.8,81.9
33.74.01,Semarang Tengah,2022-05-01,173.1,27.0,82.4
33.74.01,Semarang Tengah,2022-06-01,182.7,26.4,80.6
33.74.01,Semarang Tengah,2022-07-01,74.2,27.3,71.4
33.74.01,Semarang Tengah,2022-08-01,45.7,27.9,67.6
33.74.01,Semarang Tengah,2022-09-01,76.1,28.1,69.2
33.74.01,Semarang Tengah,2022-10-01,202.5,26.4,83.2
33.74.01,Semarang Tengah,2022-11-01,353.6,26.3,85.1
33.74.01,Semarang Tengah,2022-12-01,215.8,26.2,83.9
33.74.01,Semarang Tengah,2023-01-01,214.0,25.9,85.7
33.74.01,Semarang Tengah,2023-02-01,302.2,25.8,85.8
33.74.01,Semarang Tengah,2023-03-01,295.7,26.2,85.0
33.74.01,Semarang Tengah,2023-04-01,178.0,26.7,83.3
33.74.01,Semarang Tengah,2023-05-01,66.1,27.6,74.2
33.74.01,Semarang Tengah,2023-06-01,47.5,28.2,70.3
33.74.01,Semarang Tengah,2023-07-01,18.5,28.1,63.4
33.74.01,Semarang Tengah,2023-08-01,1.8,28.3,60.9
33.74.01,Semarang Tengah,2023-09-01,14.0,28.8,56.9
33.74.01,Semarang Tengah,2023-10-01,25.3,29.6,62.8
33.74.01,Semarang Tengah,2023-11-01,110.9,28.3,77.4
33.74.01,Semarang Tengah,2023-12-01,111.1,27.9,77.6
33.74.01,Semarang Tengah,2024-01-01,274.1,26.8,86.0
33.74.01,Semarang Tengah,2024-02-01,247.6,27.0,85.4
33.74.01,Semarang Tengah,2024-03-01,217.4,27.2,83.7
33.74.01,Semarang Tengah,2024-04-01,194.5,27.8,82.9
33.74.01,Semarang Tengah,2024-05-01,29.3,29.7,66.4
33.74.01,Semarang Tengah,2024-06-01,69.8,28.4,71.5
33.74.01,Semarang Tengah,2024-07-01,36.5,28.0,64.9
33.74.01,Semarang Tengah,2024-08-01,14.0,28.4,61.9
33.74.01,Semarang Tengah,2024-09-01,79.3,28.5,66.3
33.74.01,Semarang Tengah,2024-10-01,59.0,29.3,65.5
33.74.01,Semarang Tengah,2024-11-01,287.1,27.6,81.4
33.74.01,Semarang Tengah,2024-12-01,302.6,26.8,86.6
33.74.01,Semarang Tengah,2025-01-01,287.0,26.2,86.4
33.74.01,Semarang Tengah,2025-02-01,153.7,26.4,83.9
33.74.01,Semarang Tengah,2025-03-01,154.7,27.1,82.8
33.74.01,Semarang Tengah,2025-04-01,134.2,27.5,79.4
33.74.01,Semarang Tengah,2025-05-01,243.0,27.3,82.1
33.74.01,Semarang Tengah,2025-06-01,89.7,27.8,73.1
33.74.01,Semarang Tengah,2025-07-01,35.8,28.2,65.1
33.74.01,Semarang Tengah,2025-08-01,141.2,27.8,70.4
33.74.01,Semarang Tengah,2025-09-01,112.9,28.4,68.7
33.74.01,Semarang Tengah,2025-10-01,263.5,28.2,74.2
33.74.01,Semarang Tengah,2025-11-01,173.1,27.3,80.1
33.74.01,Semarang Tengah,2025-12-01,176.6,27.0,82.8
33.74.01,Semarang Tengah,2026-01-01,298.3,26.0,83.6
33.74.01,Semarang Tengah,2026-02-01,223.2,26.1,84.2
33.74.01,Semarang Tengah,2026-03-01,150.7,27.1,79.0
33.74.01,Semarang Tengah,2026-04-01,164.1,28.3,74.7
33.74.01,Semarang Tengah,2026-05-01,93.3,28.5,74.5
33.74.01,Semarang Tengah,2026-06-01,37.3,28.7,65.4
33.74.01,Semarang Tengah,2026-07-01,3.2,28.5,57.5
33.74.01,Semarang Tengah,2026-08-01,11.2,28.6,62.1
33.74.01,Semarang Tengah,2026-09-01,17.2,29.1,59.9
33.74.02,Semarang Utara,2021-01-01,292.4,25.9,87.9
33.74.02,Semarang Utara,2021-02-01,364.0,25.8,87.5
33.74.02,Semarang Utara,2021-03-01,157.0,26.5,86.2
33.74.02,Semarang Utara,2021-04-01,84.2,27.2,81.2
33.74.02,Semarang Utara,2021-05-01,153.2,28.0,76.8
33.74.02,Semarang Utara,2021-06-01,111.9,27.2,80.2
33.74.02,Semarang Utara,2021-07-01,9.9,28.5,62.9
33.74.02,Semarang Utara,2021-08-01,64.2,28.7,64.5
33.74.02,Semarang Utara,2021-09-01,59.2,28.6,67.3
33.74.02,Semarang Utara,2021-10-01,121.2,28.4,71.6
33.74.02,Semarang Utara,2021-11-01,246.4,26.6,85.5
33.74.02,Semarang Utara,2021-12-01,302.2,26.5,86.6
33.74.02,Semarang Utara,2022-01-01,241.8,26.2,84.8
33.74.02,Semarang Utara,2022-02-01,236.4,26.3,84.4
33.74.02,Semarang Utara,2022-03-01,248.5,26.6,86.0
33.74.02,Semarang Utara,2022-04-01,118.1,27.1,81.9
33.74.02,Semarang Utara,2022-05-01,173.1,27.2,82.4
33.74.02,Semarang Utara,2022-06-01,182.7,26.6,80.6
33.74.02,Semarang Utara,2022-07-01,74.2,27.5,71.4
33.74.02,Semarang Utara,2022-08-01,45.7,28.1,67.6
33.74.02,Semarang Utara,2022-09-01,76.1,28.3,69.2
33.74.02,Semarang Utara,2022-10-01,202.5,26.6,83.2
33.74.02,Semarang Utara,2022-11-01,353.6,26.5,85.1
33.74.02,Semarang Utara,2022-12-01,215.8,26.4,84.0
33.74.02,Semarang Utara,2023-01-01,214.0,26.1,85.7
33.74.02,Semarang Utara,2023-02-01,302.2,26.0,85.8
33.74.02,Semarang Utara,2023-03-01,295.7,26.4,85.0
33.74.02,Semarang Utara,2023-04-01,178.0,26.9,83.3
33.74.02,Semarang Utara,2023-05-01,66.1,27.9,74.2
33.74.02,Semarang Utara,2023-06-01,47.5,28.4,70.4
33.74.02,Semarang Utara,2023-07-01,18.5,28.3,63.5
33.74.02,Semarang Utara,2023-08-01,1.8,28.5,60.9
33.74.02,Semarang Utara,2023-09-01,14.0,29.0,56.9
33.74.02,Semarang Utara,2023-10-01,25.3,29.8,62.8
33.74.02,Semarang Utara,2023-11-01,110.9,28.5,77.4
33.74.02,Semarang Utara,2023-12-01,111.1,28.1,77.6
33.74.02,Semarang Utara,2024-01-01,274.1,27.0,86.0
33.74.02,Semarang Utara,2024-02-01,247.6,27.2,85.5
33.74.02,Semarang Utara,2024-03-01,217.4,27.4,83.7
33.74.02,Semarang Utara,2024-04-01,194.5,28.0,82.9
33.74.02,Semarang Utara,2024-05-01,29.3,29.9,66.4
33.74.02,Semarang Utara,2024-06-01,69.8,28.6,71.6
33.74.02,Semarang Utara,2024-07-01,36.5,28.3,65.0
33.74.02,Semarang Utara,2024-08-01,14.0,28.7,61.9
33.74.02,Semarang Utara,2024-09-01,79.3,28.7,66.3
33.74.02,Semarang Utara,2024-10-01,59.0,29.5,65.6
33.74.02,Semarang Utara,2024-11-01,287.1,27.9,81.5
33.74.02,Semarang Utara,2024-12-01,302.6,27.0,86.6
33.74.02,Semarang Utara,2025-01-01,287.0,26.5,86.4
33.74.02,Semarang Utara,2025-02-01,153.7,26.6,83.9
33.74.02,Semarang Utara,2025-03-01,154.7,27.3,82.9
33.74.02,Semarang Utara,2025-04-01,134.2,27.7,79.4
33.74.02,Semarang Utara,2025-05-01,243.0,27.5,82.1
33.74.02,Semarang Utara,2025-06-01,89.7,28.0,73.1
33.74.02,Semarang Utara,2025-07-01,35.8,28.4,65.2
33.74.02,Semarang Utara,2025-08-01,141.2,28.0,70.4
33.74.02,Semarang Utara,2025-09-01,112.9,28.6,68.8
33.74.02,Semarang Utara,2025-10-01,263.5,28.5,74.2
33.74.02,Semarang Utara,2025-11-01,173.1,27.6,80.1
33.74.02,Semarang Utara,2025-12-01,176.6,27.2,82.8
33.74.02,Semarang Utara,2026-01-01,298.3,26.2,83.6
33.74.02,Semarang Utara,2026-02-01,223.2,26.4,84.2
33.74.02,Semarang Utara,2026-03-01,150.7,27.3,79.0
33.74.02,Semarang Utara,2026-04-01,164.1,28.5,74.7
33.74.02,Semarang Utara,2026-05-01,93.3,28.8,74.5
33.74.02,Semarang Utara,2026-06-01,37.3,28.9,65.5
33.74.02,Semarang Utara,2026-07-01,3.2,28.7,57.7
33.74.02,Semarang Utara,2026-08-01,11.2,28.8,62.2
33.74.02,Semarang Utara,2026-09-01,17.2,29.4,60.0
33.74.03,Semarang Timur,2021-01-01,292.4,25.7,87.8
33.74.03,Semarang Timur,2021-02-01,364.0,25.6,87.4
33.74.03,Semarang Timur,2021-03-01,157.0,26.3,86.2
33.74.03,Semarang Timur,2021-04-01,84.2,26.9,81.2
33.74.03,Semarang Timur,2021-05-01,153.2,27.8,76.7
33.74.03,Semarang Timur,2021-06-01,111.9,27.0,80.2
33.74.03,Semarang Timur,2021-07-01,9.9,28.2,62.9
33.74.03,Semarang Timur,2021-08-01,64.2,28.5,64.4
33.74.03,Semarang Timur,2021-09-01,59.2,28.4,67.2
33.74.03,Semarang Timur,2021-10-01,121.2,28.2,71.6
33.74.03,Semarang Timur,2021-11-01,246.4,26.4,85.5
33.74.03,Semarang Timur,2021-12-01,302.2,26.3,86.6
33.74.03,Semarang Timur,2022-01-01,241.8,26.0,84.8
33.74.03,Semarang Timur,2022-02-01,236.4,26.1,84.4
33.74.03,Semarang Timur,2022-03-01,248.5,26.4,86.0
33.74.03,Semarang Timur,2022-04-01,118.1,26.8,81.9
33.74.03,Semarang Timur,2022-05-01,173.1,27.0,82.4
33.74.03,Semarang Timur,2022-06-01,182.7,26.4,80.6
33.74.03,Semarang Timur,2022-07-01,74.2,27.3,71.4
33.74.03,Semarang Timur,2022-08-01,45.7,27.9,67.6
33.74.03,Semarang Timur,2022-09-01,76.1,28.1,69.2
33.74.03,Semarang Timur,2022-10-01,202.5,26.4,83.2
33.74.03,Semarang Timur,2022-11-01,353.6,26.3,85.1
33.74.03,Semarang Timur,2022-12-01,215.8,26.2,83.9
33.74.03,Semarang Timur,2023-01-01,214.0,25.9,85.7
33.74.03,Semarang Timur,2023-02-01,302.2,25.8,85.8
33.74.03,Semarang Timur,2023-03-01,295.7,26.2,85.0
33.74.03,Semarang Timur,2023-04-01,178.0,26.7,83.3
33.74.03,Semarang Timur,2023-05-01,66.1,27.6,74.2
33.74.03,Semarang Timur,2023-06-01,47.5,28.2,70.3
33.74.03,Semarang Timur,2023-07-01,18.5,28.1,63.4
33.74.03,Semarang Timur,2023-08-01,1.8,28.3,60.9
33.74.03,Semarang Timur,2023-09-01,14.0,28.8,56.9
33.74.03,Semarang Timur,2023-10-01,25.3,29.6,62.8
33.74.03,Semarang Timur,2023-11-01,110.9,28.3,77.4
33.74.03,Semarang Timur,2023-12-01,111.1,27.9,77.6
33.74.03,Semarang Timur,2024-01-01,274.1,26.8,86.0
33.74.03,Semarang Timur,2024-02-01,247.6,27.0,85.4
33.74.03,Semarang Timur,2024-03-01,217.4,27.2,83.7
33.74.03,Semarang Timur,2024-04-01,194.5,27.8,82.9
33.74.03,Semarang Timur,2024-05-01,29.3,29.7,66.4
33.74.03,Semarang Timur,2024-06-01,69.8,28.4,71.5
33.74.03,Semarang Timur,2024-07-01,36.5,28.0,64.9
33.74.03,Semarang Timur,2024-08-01,14.0,28.4,61.9
33.74.03,Semarang Timur,2024-09-01,79.3,28.5,66.3
33.74.03,Semarang Timur,2024-10-01,59.0,29.3,65.5
33.74.03,Semarang Timur,2024-11-01,287.1,27.6,81.4
33.74.03,Semarang Timur,2024-12-01,302.6,26.8,86.6
33.74.03,Semarang Timur,2025-01-01,287.0,26.2,86.4
33.74.03,Semarang Timur,2025-02-01,153.7,26.4,83.9
33.74.03,Semarang Timur,2025-03-01,154.7,27.1,82.8
33.74.03,Semarang Timur,2025-04-01,134.2,27.5,79.4
33.74.03,Semarang Timur,2025-05-01,243.0,27.3,82.1
33.74.03,Semarang Timur,2025-06-01,89.7,27.8,73.1
33.74.03,Semarang Timur,2025-07-01,35.8,28.2,65.1
33.74.03,Semarang Timur,2025-08-01,141.2,27.8,70.4
33.74.03,Semarang Timur,2025-09-01,112.9,28.4,68.7
33.74.03,Semarang Timur,2025-10-01,263.5,28.2,74.2
33.74.03,Semarang Timur,2025-11-01,173.1,27.3,80.1
33.74.03,Semarang Timur,2025-12-01,176.6,27.0,82.8
33.74.03,Semarang Timur,2026-01-01,298.3,26.0,83.6
33.74.03,Semarang Timur,2026-02-01,223.2,26.1,84.2
33.74.03,Semarang Timur,2026-03-01,150.7,27.1,79.0
33.74.03,Semarang Timur,2026-04-01,164.1,28.3,74.7
33.74.03,Semarang Timur,2026-05-01,93.3,28.5,74.5
33.74.03,Semarang Timur,2026-06-01,37.3,28.7,65.4
33.74.03,Semarang Timur,2026-07-01,3.2,28.5,57.5
33.74.03,Semarang Timur,2026-08-01,11.2,28.6,62.1
33.74.03,Semarang Timur,2026-09-01,17.2,29.1,59.9
33.74.04,Semarang Selatan,2021-01-01,292.4,25.7,87.8
33.74.04,Semarang Selatan,2021-02-01,364.0,25.6,87.4
33.74.04,Semarang Selatan,2021-03-01,157.0,26.3,86.2
33.74.04,Semarang Selatan,2021-04-01,84.2,26.9,81.2
33.74.04,Semarang Selatan,2021-05-01,153.2,27.8,76.7
33.74.04,Semarang Selatan,2021-06-01,111.9,27.0,80.2
33.74.04,Semarang Selatan,2021-07-01,9.9,28.2,62.9
33.74.04,Semarang Selatan,2021-08-01,64.2,28.5,64.4
33.74.04,Semarang Selatan,2021-09-01,59.2,28.4,67.2
33.74.04,Semarang Selatan,2021-10-01,121.2,28.2,71.6
33.74.04,Semarang Selatan,2021-11-01,246.4,26.4,85.5
33.74.04,Semarang Selatan,2021-12-01,302.2,26.3,86.6
33.74.04,Semarang Selatan,2022-01-01,241.8,26.0,84.8
33.74.04,Semarang Selatan,2022-02-01,236.4,26.1,84.4
33.74.04,Semarang Selatan,2022-03-01,248.5,26.4,86.0
33.74.04,Semarang Selatan,2022-04-01,118.1,26.8,81.9
33.74.04,Semarang Selatan,2022-05-01,173.1,27.0,82.4
33.74.04,Semarang Selatan,2022-06-01,182.7,26.4,80.6
33.74.04,Semarang Selatan,2022-07-01,74.2,27.3,71.4
33.74.04,Semarang Selatan,2022-08-01,45.7,27.9,67.6
33.74.04,Semarang Selatan,2022-09-01,76.1,28.1,69.2
33.74.04,Semarang Selatan,2022-10-01,202.5,26.4,83.2
33.74.04,Semarang Selatan,2022-11-01,353.6,26.3,85.1
33.74.04,Semarang Selatan,2022-12-01,215.8,26.2,83.9
33.74.04,Semarang Selatan,2023-01-01,214.0,25.9,85.7
33.74.04,Semarang Selatan,2023-02-01,302.2,25.8,85.8
33.74.04,Semarang Selatan,2023-03-01,295.7,26.2,85.0
33.74.04,Semarang Selatan,2023-04-01,178.0,26.7,83.3
33.74.04,Semarang Selatan,2023-05-01,66.1,27.6,74.2
33.74.04,Semarang Selatan,2023-06-01,47.5,28.2,70.3
33.74.04,Semarang Selatan,2023-07-01,18.5,28.1,63.4
33.74.04,Semarang Selatan,2023-08-01,1.8,28.3,60.9
33.74.04,Semarang Selatan,2023-09-01,14.0,28.8,56.9
33.74.04,Semarang Selatan,2023-10-01,25.3,29.6,62.8
33.74.04,Semarang Selatan,2023-11-01,110.9,28.3,77.4
33.74.04,Semarang Selatan,2023-12-01,111.1,27.9,77.6
33.74.04,Semarang Selatan,2024-01-01,274.1,26.8,86.0
33.74.04,Semarang Selatan,2024-02-01,247.6,27.0,85.4
33.74.04,Semarang Selatan,2024-03-01,217.4,27.2,83.7
33.74.04,Semarang Selatan,2024-04-01,194.5,27.8,82.9
33.74.04,Semarang Selatan,2024-05-01,29.3,29.7,66.4
33.74.04,Semarang Selatan,2024-06-01,69.8,28.4,71.5
33.74.04,Semarang Selatan,2024-07-01,36.5,28.0,64.9
33.74.04,Semarang Selatan,2024-08-01,14.0,28.4,61.9
33.74.04,Semarang Selatan,2024-09-01,79.3,28.5,66.3
33.74.04,Semarang Selatan,2024-10-01,59.0,29.3,65.5
33.74.04,Semarang Selatan,2024-11-01,287.1,27.6,81.4
33.74.04,Semarang Selatan,2024-12-01,302.6,26.8,86.6
33.74.04,Semarang Selatan,2025-01-01,287.0,26.2,86.4
33.74.04,Semarang Selatan,2025-02-01,153.7,26.4,83.9
33.74.04,Semarang Selatan,2025-03-01,154.7,27.1,82.8
33.74.04,Semarang Selatan,2025-04-01,134.2,27.5,79.4
33.74.04,Semarang Selatan,2025-05-01,243.0,27.3,82.1
33.74.04,Semarang Selatan,2025-06-01,89.7,27.8,73.1
33.74.04,Semarang Selatan,2025-07-01,35.8,28.2,65.1
33.74.04,Semarang Selatan,2025-08-01,141.2,27.8,70.4
33.74.04,Semarang Selatan,2025-09-01,112.9,28.4,68.7
33.74.04,Semarang Selatan,2025-10-01,263.5,28.2,74.2
33.74.04,Semarang Selatan,2025-11-01,173.1,27.3,80.1
33.74.04,Semarang Selatan,2025-12-01,176.6,27.0,82.8
33.74.04,Semarang Selatan,2026-01-01,298.3,26.0,83.6
33.74.04,Semarang Selatan,2026-02-01,223.2,26.1,84.2
33.74.04,Semarang Selatan,2026-03-01,150.7,27.1,79.0
33.74.04,Semarang Selatan,2026-04-01,164.1,28.3,74.7
33.74.04,Semarang Selatan,2026-05-01,93.3,28.5,74.5
33.74.04,Semarang Selatan,2026-06-01,37.3,28.7,65.4
33.74.04,Semarang Selatan,2026-07-01,3.2,28.5,57.5
33.74.04,Semarang Selatan,2026-08-01,11.2,28.6,62.1
33.74.04,Semarang Selatan,2026-09-01,17.2,29.1,59.9
33.74.05,Semarang Barat,2021-01-01,292.4,25.9,87.9
33.74.05,Semarang Barat,2021-02-01,364.0,25.8,87.5
33.74.05,Semarang Barat,2021-03-01,157.0,26.5,86.2
33.74.05,Semarang Barat,2021-04-01,84.2,27.2,81.2
33.74.05,Semarang Barat,2021-05-01,153.2,28.0,76.8
33.74.05,Semarang Barat,2021-06-01,111.9,27.2,80.2
33.74.05,Semarang Barat,2021-07-01,9.9,28.5,62.9
33.74.05,Semarang Barat,2021-08-01,64.2,28.7,64.5
33.74.05,Semarang Barat,2021-09-01,59.2,28.6,67.3
33.74.05,Semarang Barat,2021-10-01,121.2,28.4,71.6
33.74.05,Semarang Barat,2021-11-01,246.4,26.6,85.5
33.74.05,Semarang Barat,2021-12-01,302.2,26.5,86.6
33.74.05,Semarang Barat,2022-01-01,241.8,26.2,84.8
33.74.05,Semarang Barat,2022-02-01,236.4,26.3,84.4
33.74.05,Semarang Barat,2022-03-01,248.5,26.6,86.0
33.74.05,Semarang Barat,2022-04-01,118.1,27.1,81.9
33.74.05,Semarang Barat,2022-05-01,173.1,27.2,82.4
33.74.05,Semarang Barat,2022-06-01,182.7,26.6,80.6
33.74.05,Semarang Barat,2022-07-01,74.2,27.5,71.4
33.74.05,Semarang Barat,2022-08-01,45.7,28.1,67.6
33.74.05,Semarang Barat,2022-09-01,76.1,28.3,69.2
33.74.05,Semarang Barat,2022-10-01,202.5,26.6,83.2
33.74.05,Semarang Barat,2022-11-01,353.6,26.5,85.1
33.74.05,Semarang Barat,2022-12-01,215.8,26.4,84.0
33.74.05,Semarang Barat,2023-01-01,214.0,26.1,85.7
33.74.05,Semarang Barat,2023-02-01,302.2,26.0,85.8
33.74.05,Semarang Barat,2023-03-01,295.7,26.4,85.0
33.74.05,Semarang Barat,2023-04-01,178.0,26.9,83.3
33.74.05,Semarang Barat,2023-05-01,66.1,27.9,74.2
33.74.05,Semarang Barat,2023-06-01,47.5,28.4,70.4
33.74.05,Semarang Barat,2023-07-01,18.5,28.3,63.5
33.74.05,Semarang Barat,2023-08-01,1.8,28.5,60.9
33.74.05,Semarang Barat,2023-09-01,14.0,29.0,56.9
33.74.05,Semarang Barat,2023-10-01,25.3,29.8,62.8
33.74.05,Semarang Barat,2023-11-01,110.9,28.5,77.4
33.74.05,Semarang Barat,2023-12-01,111.1,28.1,77.6
33.74.05,Semarang Barat,2024-01-01,274.1,27.0,86.0
33.74.05,Semarang Barat,2024-02-01,247.6,27.2,85.5
33.74.05,Semarang Barat,2024-03-01,217.4,27.4,83.7
33.74.05,Semarang Barat,2024-04-01,194.5,28.0,82.9
33.74.05,Semarang Barat,2024-05-01,29.3,29.9,66.4
33.74.05,Semarang Barat,2024-06-01,69.8,28.6,71.6
33.74.05,Semarang Barat,2024-07-01,36.5,28.3,65.0
33.74.05,Semarang Barat,2024-08-01,14.0,28.7,61.9
33.74.05,Semarang Barat,2024-09-01,79.3,28.7,66.3
33.74.05,Semarang Barat,2024-10-01,59.0,29.5,65.6
33.74.05,Semarang Barat,2024-11-01,287.1,27.9,81.5
33.74.05,Semarang Barat,2024-12-01,302.6,27.0,86.6
33.74.05,Semarang Barat,2025-01-01,287.0,26.5,86.4
33.74.05,Semarang Barat,2025-02-01,153.7,26.6,83.9
33.74.05,Semarang Barat,2025-03-01,154.7,27.3,82.9
33.74.05,Semarang Barat,2025-04-01,134.2,27.7,79.4
33.74.05,Semarang Barat,2025-05-01,243.0,27.5,82.1
33.74.05,Semarang Barat,2025-06-01,89.7,28.0,73.1
33.74.05,Semarang Barat,2025-07-01,35.8,28.4,65.2
33.74.05,Semarang Barat,2025-08-01,141.2,28.0,70.4
33.74.05,Semarang Barat,2025-09-01,112.9,28.6,68.8
33.74.05,Semarang Barat,2025-10-01,263.5,28.5,74.2
33.74.05,Semarang Barat,2025-11-01,173.1,27.6,80.1
33.74.05,Semarang Barat,2025-12-01,176.6,27.2,82.8
33.74.05,Semarang Barat,2026-01-01,298.3,26.2,83.6
33.74.05,Semarang Barat,2026-02-01,223.2,26.4,84.2
33.74.05,Semarang Barat,2026-03-01,150.7,27.3,79.0
33.74.05,Semarang Barat,2026-04-01,164.1,28.5,74.7
33.74.05,Semarang Barat,2026-05-01,93.3,28.8,74.5
33.74.05,Semarang Barat,2026-06-01,37.3,28.9,65.5
33.74.05,Semarang Barat,2026-07-01,3.2,28.7,57.7
33.74.05,Semarang Barat,2026-08-01,11.2,28.8,62.2
33.74.05,Semarang Barat,2026-09-01,17.2,29.4,60.0
33.74.06,Gayamsari,2021-01-01,292.4,25.7,87.8
33.74.06,Gayamsari,2021-02-01,364.0,25.6,87.4
33.74.06,Gayamsari,2021-03-01,157.0,26.3,86.2
33.74.06,Gayamsari,2021-04-01,84.2,26.9,81.2
33.74.06,Gayamsari,2021-05-01,153.2,27.8,76.7
33.74.06,Gayamsari,2021-06-01,111.9,27.0,80.2
33.74.06,Gayamsari,2021-07-01,9.9,28.2,62.9
33.74.06,Gayamsari,2021-08-01,64.2,28.5,64.4
33.74.06,Gayamsari,2021-09-01,59.2,28.4,67.2
33.74.06,Gayamsari,2021-10-01,121.2,28.2,71.6
33.74.06,Gayamsari,2021-11-01,246.4,26.4,85.5
33.74.06,Gayamsari,2021-12-01,302.2,26.3,86.6
33.74.06,Gayamsari,2022-01-01,241.8,26.0,84.8
33.74.06,Gayamsari,2022-02-01,236.4,26.1,84.4
33.74.06,Gayamsari,2022-03-01,248.5,26.4,86.0
33.74.06,Gayamsari,2022-04-01,118.1,26.8,81.9
33.74.06,Gayamsari,2022-05-01,173.1,27.0,82.4
33.74.06,Gayamsari,2022-06-01,182.7,26.4,80.6
33.74.06,Gayamsari,2022-07-01,74.2,27.3,71.4
33.74.06,Gayamsari,2022-08-01,45.7,27.9,67.6
33.74.06,Gayamsari,2022-09-01,76.1,28.1,69.2
33.74.06,Gayamsari,2022-10-01,202.5,26.4,83.2
33.74.06,Gayamsari,2022-11-01,353.6,26.3,85.1
33.74.06,Gayamsari,2022-12-01,215.8,26.2,83.9
33.74.06,Gayamsari,2023-01-01,214.0,25.9,85.7
33.74.06,Gayamsari,2023-02-01,302.2,25.8,85.8
33.74.06,Gayamsari,2023-03-01,295.7,26.2,85.0
33.74.06,Gayamsari,2023-04-01,178.0,26.7,83.3
33.74.06,Gayamsari,2023-05-01,66.1,27.6,74.2
33.74.06,Gayamsari,2023-06-01,47.5,28.2,70.3
33.74.06,Gayamsari,2023-07-01,18.5,28.1,63.4
33.74.06,Gayamsari,2023-08-01,1.8,28.3,60.9
33.74.06,Gayamsari,2023-09-01,14.0,28.8,56.9
33.74.06,Gayamsari,2023-10-01,25.3,29.6,62.8
33.74.06,Gayamsari,2023-11-01,110.9,28.3,77.4
33.74.06,Gayamsari,2023-12-01,111.1,27.9,77.6
33.74.06,Gayamsari,2024-01-01,274.1,26.8,86.0
33.74.06,Gayamsari,2024-02-01,247.6,27.0,85.4
33.74.06,Gayamsari,2024-03-01,217.4,27.2,83.7
33.74.06,Gayamsari,2024-04-01,194.5,27.8,82.9
33.74.06,Gayamsari,2024-05-01,29.3,29.7,66.4
33.74.06,Gayamsari,2024-06-01,69.8,28.4,71.5
33.74.06,Gayamsari,2024-07-01,36.5,28.0,64.9
33.74.06,Gayamsari,2024-08-01,14.0,28.4,61.9
33.74.06,Gayamsari,2024-09-01,79.3,28.5,66.3
33.74.06,Gayamsari,2024-10-01,59.0,29.3,65.5
33.74.06,Gayamsari,2024-11-01,287.1,27.6,81.4
33.74.06,Gayamsari,2024-12-01,302.6,26.8,86.6
33.74.06,Gayamsari,2025-01-01,287.0,26.2,86.4
33.74.06,Gayamsari,2025-02-01,153.7,26.4,83.9
33.74.06,Gayamsari,2025-03-01,154.7,27.1,82.8
33.74.06,Gayamsari,2025-04-01,134.2,27.5,79.4
33.74.06,Gayamsari,2025-05-01,243.0,27.3,82.1
33.74.06,Gayamsari,2025-06-01,89.7,27.8,73.1
33.74.06,Gayamsari,2025-07-01,35.8,28.2,65.1
33.74.06,Gayamsari,2025-08-01,141.2,27.8,70.4
33.74.06,Gayamsari,2025-09-01,112.9,28.4,68.7
33.74.06,Gayamsari,2025-10-01,263.5,28.2,74.2
33.74.06,Gayamsari,2025-11-01,173.1,27.3,80.1
33.74.06,Gayamsari,2025-12-01,176.6,27.0,82.8
33.74.06,Gayamsari,2026-01-01,298.3,26.0,83.6
33.74.06,Gayamsari,2026-02-01,223.2,26.1,84.2
33.74.06,Gayamsari,2026-03-01,150.7,27.1,79.0
33.74.06,Gayamsari,2026-04-01,164.1,28.3,74.7
33.74.06,Gayamsari,2026-05-01,93.3,28.5,74.5
33.74.06,Gayamsari,2026-06-01,37.3,28.7,65.4
33.74.06,Gayamsari,2026-07-01,3.2,28.5,57.5
33.74.06,Gayamsari,2026-08-01,11.2,28.6,62.1
33.74.06,Gayamsari,2026-09-01,17.2,29.1,59.9
33.74.07,Candisari,2021-01-01,292.4,25.7,87.8
33.74.07,Candisari,2021-02-01,364.0,25.6,87.4
33.74.07,Candisari,2021-03-01,157.0,26.3,86.2
33.74.07,Candisari,2021-04-01,84.2,26.9,81.2
33.74.07,Candisari,2021-05-01,153.2,27.8,76.7
33.74.07,Candisari,2021-06-01,111.9,27.0,80.2
33.74.07,Candisari,2021-07-01,9.9,28.2,62.9
33.74.07,Candisari,2021-08-01,64.2,28.5,64.4
33.74.07,Candisari,2021-09-01,59.2,28.4,67.2
33.74.07,Candisari,2021-10-01,121.2,28.2,71.6
33.74.07,Candisari,2021-11-01,246.4,26.4,85.5
33.74.07,Candisari,2021-12-01,302.2,26.3,86.6
33.74.07,Candisari,2022-01-01,241.8,26.0,84.8
33.74.07,Candisari,2022-02-01,236.4,26.1,84.4
33.74.07,Candisari,2022-03-01,248.5,26.4,86.0
33.74.07,Candisari,2022-04-01,118.1,26.8,81.9
33.74.07,Candisari,2022-05-01,173.1,27.0,82.4
33.74.07,Candisari,2022-06-01,182.7,26.4,80.6
33.74.07,Candisari,2022-07-01,74.2,27.3,71.4
33.74.07,Candisari,2022-08-01,45.7,27.9,67.6
33.74.07,Candisari,2022-09-01,76.1,28.1,69.2
33.74.07,Candisari,2022-10-01,202.5,26.4,83.2
33.74.07,Candisari,2022-11-01,353.6,26.3,85.1
33.74.07,Candisari,2022-12-01,215.8,26.2,83.9
33.74.07,Candisari,2023-01-01,214.0,25.9,85.7
33.74.07,Candisari,2023-02-01,302.2,25.8,85.8
33.74.07,Candisari,2023-03-01,295.7,26.2,85.0
33.74.07,Candisari,2023-04-01,178.0,26.7,83.3
33.74.07,Candisari,2023-05-01,66.1,27.6,74.2
33.74.07,Candisari,2023-06-01,47.5,28.2,70.3
33.74.07,Candisari,2023-07-01,18.5,28.1,63.4
33.74.07,Candisari,2023-08-01,1.8,28.3,60.9
33.74.07,Candisari,2023-09-01,14.0,28.8,56.9
33.74.07,Candisari,2023-10-01,25.3,29.6,62.8
33.74.07,Candisari,2023-11-01,110.9,28.3,77.4
33.74.07,Candisari,2023-12-01,111.1,27.9,77.6
33.74.07,Candisari,2024-01-01,274.1,26.8,86.0
33.74.07,Candisari,2024-02-01,247.6,27.0,85.4
33.74.07,Candisari,2024-03-01,217.4,27.2,83.7
33.74.07,Candisari,2024-04-01,194.5,27.8,82.9
33.74.07,Candisari,2024-05-01,29.3,29.7,66.4
33.74.07,Candisari,2024-06-01,69.8,28.4,71.5
33.74.07,Candisari,2024-07-01,36.5,28.0,64.9
33.74.07,Candisari,2024-08-01,14.0,28.4,61.9
33.74.07,Candisari,2024-09-01,79.3,28.5,66.3
33.74.07,Candisari,2024-10-01,59.0,29.3,65.5
33.74.07,Candisari,2024-11-01,287.1,27.6,81.4
33.74.07,Candisari,2024-12-01,302.6,26.8,86.6
33.74.07,Candisari,2025-01-01,287.0,26.2,86.4
33.74.07,Candisari,2025-02-01,153.7,26.4,83.9
33.74.07,Candisari,2025-03-01,154.7,27.1,82.8
33.74.07,Candisari,2025-04-01,134.2,27.5,79.4
33.74.07,Candisari,2025-05-01,243.0,27.3,82.1
33.74.07,Candisari,2025-06-01,89.7,27.8,73.1
33.74.07,Candisari,2025-07-01,35.8,28.2,65.1
33.74.07,Candisari,2025-08-01,141.2,27.8,70.4
33.74.07,Candisari,2025-09-01,112.9,28.4,68.7
33.74.07,Candisari,2025-10-01,263.5,28.2,74.2
33.74.07,Candisari,2025-11-01,173.1,27.3,80.1
33.74.07,Candisari,2025-12-01,176.6,27.0,82.8
33.74.07,Candisari,2026-01-01,298.3,26.0,83.6
33.74.07,Candisari,2026-02-01,223.2,26.1,84.2
33.74.07,Candisari,2026-03-01,150.7,27.1,79.0
33.74.07,Candisari,2026-04-01,164.1,28.3,74.7
33.74.07,Candisari,2026-05-01,93.3,28.5,74.5
33.74.07,Candisari,2026-06-01,37.3,28.7,65.4
33.74.07,Candisari,2026-07-01,3.2,28.5,57.5
33.74.07,Candisari,2026-08-01,11.2,28.6,62.1
33.74.07,Candisari,2026-09-01,17.2,29.1,59.9
33.74.08,Gajahmungkur,2021-01-01,292.4,25.7,87.8
33.74.08,Gajahmungkur,2021-02-01,364.0,25.6,87.4
33.74.08,Gajahmungkur,2021-03-01,157.0,26.3,86.2
33.74.08,Gajahmungkur,2021-04-01,84.2,26.9,81.2
33.74.08,Gajahmungkur,2021-05-01,153.2,27.8,76.7
33.74.08,Gajahmungkur,2021-06-01,111.9,27.0,80.2
33.74.08,Gajahmungkur,2021-07-01,9.9,28.2,62.9
33.74.08,Gajahmungkur,2021-08-01,64.2,28.5,64.4
33.74.08,Gajahmungkur,2021-09-01,59.2,28.4,67.2
33.74.08,Gajahmungkur,2021-10-01,121.2,28.2,71.6
33.74.08,Gajahmungkur,2021-11-01,246.4,26.4,85.5
33.74.08,Gajahmungkur,2021-12-01,302.2,26.3,86.6
33.74.08,Gajahmungkur,2022-01-01,241.8,26.0,84.8
33.74.08,Gajahmungkur,2022-02-01,236.4,26.1,84.4
33.74.08,Gajahmungkur,2022-03-01,248.5,26.4,86.0
33.74.08,Gajahmungkur,2022-04-01,118.1,26.8,81.9
33.74.08,Gajahmungkur,2022-05-01,173.1,27.0,82.4
33.74.08,Gajahmungkur,2022-06-01,182.7,26.4,80.6
33.74.08,Gajahmungkur,2022-07-01,74.2,27.3,71.4
33.74.08,Gajahmungkur,2022-08-01,45.7,27.9,67.6
33.74.08,Gajahmungkur,2022-09-01,76.1,28.1,69.2
33.74.08,Gajahmungkur,2022-10-01,202.5,26.4,83.2
33.74.08,Gajahmungkur,2022-11-01,353.6,26.3,85.1
33.74.08,Gajahmungkur,2022-12-01,215.8,26.2,83.9
33.74.08,Gajahmungkur,2023-01-01,214.0,25.9,85.7
33.74.08,Gajahmungkur,2023-02-01,302.2,25.8,85.8
33.74.08,Gajahmungkur,2023-03-01,295.7,26.2,85.0
33.74.08,Gajahmungkur,2023-04-01,178.0,26.7,83.3
33.74.08,Gajahmungkur,2023-05-01,66.1,27.6,74.2
33.74.08,Gajahmungkur,2023-06-01,47.5,28.2,70.3
33.74.08,Gajahmungkur,2023-07-01,18.5,28.1,63.4
33.74.08,Gajahmungkur,2023-08-01,1.8,28.3,60.9
33.74.08,Gajahmungkur,2023-09-01,14.0,28.8,56.9
33.74.08,Gajahmungkur,2023-10-01,25.3,29.6,62.8
33.74.08,Gajahmungkur,2023-11-01,110.9,28.3,77.4
33.74.08,Gajahmungkur,2023-12-01,111.1,27.9,77.6
33.74.08,Gajahmungkur,2024-01-01,274.1,26.8,86.0
33.74.08,Gajahmungkur,2024-02-01,247.6,27.0,85.4
33.74.08,Gajahmungkur,2024-03-01,217.4,27.2,83.7
33.74.08,Gajahmungkur,2024-04-01,194.5,27.8,82.9
33.74.08,Gajahmungkur,2024-05-01,29.3,29.7,66.4
33.74.08,Gajahmungkur,2024-06-01,69.8,28.4,71.5
33.74.08,Gajahmungkur,2024-07-01,36.5,28.0,64.9
33.74.08,Gajahmungkur,2024-08-01,14.0,28.4,61.9
33.74.08,Gajahmungkur,2024-09-01,79.3,28.5,66.3
33.74.08,Gajahmungkur,2024-10-01,59.0,29.3,65.5
33.74.08,Gajahmungkur,2024-11-01,287.1,27.6,81.4
33.74.08,Gajahmungkur,2024-12-01,302.6,26.8,86.6
33.74.08,Gajahmungkur,2025-01-01,287.0,26.2,86.4
33.74.08,Gajahmungkur,2025-02-01,153.7,26.4,83.9
33.74.08,Gajahmungkur,2025-03-01,154.7,27.1,82.8
33.74.08,Gajahmungkur,2025-04-01,134.2,27.5,79.4
33.74.08,Gajahmungkur,2025-05-01,243.0,27.3,82.1
33.74.08,Gajahmungkur,2025-06-01,89.7,27.8,73.1
33.74.08,Gajahmungkur,2025-07-01,35.8,28.2,65.1
33.74.08,Gajahmungkur,2025-08-01,141.2,27.8,70.4
33.74.08,Gajahmungkur,2025-09-01,112.9,28.4,68.7
33.74.08,Gajahmungkur,2025-10-01,263.5,28.2,74.2
33.74.08,Gajahmungkur,2025-11-01,173.1,27.3,80.1
33.74.08,Gajahmungkur,2025-12-01,176.6,27.0,82.8
33.74.08,Gajahmungkur,2026-01-01,298.3,26.0,83.6
33.74.08,Gajahmungkur,2026-02-01,223.2,26.1,84.2
33.74.08,Gajahmungkur,2026-03-01,150.7,27.1,79.0
33.74.08,Gajahmungkur,2026-04-01,164.1,28.3,74.7
33.74.08,Gajahmungkur,2026-05-01,93.3,28.5,74.5
33.74.08,Gajahmungkur,2026-06-01,37.3,28.7,65.4
33.74.08,Gajahmungkur,2026-07-01,3.2,28.5,57.5
33.74.08,Gajahmungkur,2026-08-01,11.2,28.6,62.1
33.74.08,Gajahmungkur,2026-09-01,17.2,29.1,59.9
33.74.09,Genuk,2021-01-01,280.1,25.7,88.8
33.74.09,Genuk,2021-02-01,322.5,25.7,87.8
33.74.09,Genuk,2021-03-01,150.0,26.4,86.3
33.74.09,Genuk,2021-04-01,109.4,27.0,81.6
33.74.09,Genuk,2021-05-01,139.1,27.8,78.2
33.74.09,Genuk,2021-06-01,156.3,26.9,82.3
33.74.09,Genuk,2021-07-01,10.6,28.2,64.2
33.74.09,Genuk,2021-08-01,69.1,28.8,62.5
33.74.09,Genuk,2021-09-01,92.8,28.6,67.0
33.74.09,Genuk,2021-10-01,138.5,28.3,72.0
33.74.09,Genuk,2021-11-01,327.5,26.3,86.4
33.74.09,Genuk,2021-12-01,257.8,26.3,86.6
33.74.09,Genuk,2022-01-01,211.8,26.1,84.6
33.74.09,Genuk,2022-02-01,257.3,26.2,84.8
33.74.09,Genuk,2022-03-01,219.9,26.4,86.1
33.74.09,Genuk,2022-04-01,142.8,26.9,82.9
33.74.09,Genuk,2022-05-01,170.8,26.9,83.5
33.74.09,Genuk,2022-06-01,184.5,26.3,82.0
33.74.09,Genuk,2022-07-01,61.3,27.4,70.9
33.74.09,Genuk,2022-08-01,48.3,28.2,66.0
33.74.09,Genuk,2022-09-01,91.3,28.2,69.4
33.74.09,Genuk,2022-10-01,206.0,26.5,82.5
33.74.09,Genuk,2022-11-01,388.3,26.2,86.0
33.74.09,Genuk,2022-12-01,218.6,26.2,84.4
33.74.09,Genuk,2023-01-01,164.2,26.0,85.3
33.74.09,Genuk,2023-02-01,255.9,25.9,85.6
33.74.09,Genuk,2023-03-01,287.4,26.2,85.5
33.74.09,Genuk,2023-04-01,165.4,26.7,83.9
33.74.09,Genuk,2023-05-01,81.4,27.8,73.4
33.74.09,Genuk,2023-06-01,51.6,28.4,69.4
33.74.09,Genuk,2023-07-01,25.8,28.2,62.1
33.74.09,Genuk,2023-08-01,2.0,28.4,60.3
33.74.09,Genuk,2023-09-01,7.7,28.9,55.5
33.74.09,Genuk,2023-10-01,29.6,29.8,62.9
33.74.09,Genuk,2023-11-01,132.0,28.4,76.7
33.74.09,Genuk,2023-12-01,168.1,27.8,78.7
33.74.09,Genuk,2024-01-01,256.7,26.6,87.5
33.74.09,Genuk,2024-02-01,250.3,27.0,85.8
33.74.09,Genuk,2024-03-01,201.4,27.3,83.5
33.74.09,Genuk,2024-04-01,211.7,27.8,83.1
33.74.09,Genuk,2024-05-01,34.9,29.9,64.6
33.74.09,Genuk,2024-06-01,84.2,28.4,71.9
33.74.09,Genuk,2024-07-01,44.8,28.1,64.2
33.74.09,Genuk,2024-08-01,16.6,28.8,58.7
33.74.09,Genuk,2024-09-01,102.1,28.5,66.1
33.74.09,Genuk,2024-10-01,62.1,29.3,65.7
33.74.09,Genuk,2024-11-01,300.2,27.6,81.8
33.74.09,Genuk,2024-12-01,188.9,27.0,84.4
33.74.09,Genuk,2025-01-01,238.1,26.5,84.6
33.74.09,Genuk,2025-02-01,138.2,26.8,81.9
33.74.09,Genuk,2025-03-01,212.2,27.1,83.0
33.74.09,Genuk,2025-04-01,150.2,27.7,78.2
33.74.09,Genuk,2025-05-01,270.2,27.1,83.3
33.74.09,Genuk,2025-06-01,90.5,27.5,75.3
33.74.09,Genuk,2025-07-01,40.7,28.0,66.3
33.74.09,Genuk,2025-08-01,141.4,27.7,70.9
33.74.09,Genuk,2025-09-01,125.5,28.3,68.8
33.74.09,Genuk,2025-10-01,299.4,28.3,73.7
33.74.09,Genuk,2025-11-01,251.2,27.1,82.4
33.74.09,Genuk,2025-12-01,173.5,26.9,83.4
33.74.09,Genuk,2026-01-01,262.9,26.1,83.1
33.74.09,Genuk,2026-02-01,196.1,26.3,83.5
33.74.09,Genuk,2026-03-01,175.2,27.5,77.1
33.74.09,Genuk,2026-04-01,189.3,28.2,75.9
33.74.09,Genuk,2026-05-01,82.5,28.4,76.0
33.74.09,Genuk,2026-06-01,43.2,28.1,69.7
33.74.09,Genuk,2026-07-01,2.6,27.9,61.7
33.74.09,Genuk,2026-08-01,8.5,28.5,62.7
33.74.09,Genuk,2026-09-01,18.0,29.2,59.8
33.74.10,Pedurungan,2021-01-01,280.1,25.8,88.8
33.74.10,Pedurungan,2021-02-01,322.5,25.8,87.8
33.74.10,Pedurungan,2021-03-01,150.0,26.5,86.3
33.74.10,Pedurungan,2021-04-01,109.4,27.2,81.6
33.74.10,Pedurungan,2021-05-01,139.1,28.0,78.3
33.74.10,Pedurungan,2021-06-01,156.3,27.1,82.4
33.74.10,Pedurungan,2021-07-01,10.6,28.3,64.2
33.74.10,Pedurungan,2021-08-01,69.1,29.0,62.5
33.74.10,Pedurungan,2021-09-01,92.8,28.7,67.0
33.74.10,Pedurungan,2021-10-01,138.5,28.4,72.0
33.74.10,Pedurungan,2021-11-01,327.5,26.5,86.4
33.74.10,Pedurungan,2021-12-01,257.8,26.5,86.6
33.74.10,Pedurungan,2022-01-01,211.8,26.2,84.6
33.74.10,Pedurungan,2022-02-01,257.3,26.4,84.8
33.74.10,Pedurungan,2022-03-01,219.9,26.5,86.2
33.74.10,Pedurungan,2022-04-01,142.8,27.0,82.9
33.74.10,Pedurungan,2022-05-01,170.8,27.0,83.5
33.74.10,Pedurungan,2022-06-01,184.5,26.5,82.1
33.74.10,Pedurungan,2022-07-01,61.3,27.6,70.9
33.74.10,Pedurungan,2022-08-01,48.3,28.3,66.0
33.74.10,Pedurungan,2022-09-01,91.3,28.3,69.4
33.74.10,Pedurungan,2022-10-01,206.0,26.6,82.6
33.74.10,Pedurungan,2022-11-01,388.3,26.4,86.0
33.74.10,Pedurungan,2022-12-01,218.6,26.4,84.4
33.74.10,Pedurungan,2023-01-01,164.2,26.2,85.3
33.74.10,Pedurungan,2023-02-01,255.9,26.0,85.6
33.74.10,Pedurungan,2023-03-01,287.4,26.4,85.5
33.74.10,Pedurungan,2023-04-01,165.4,26.9,83.9
33.74.10,Pedurungan,2023-05-01,81.4,28.0,73.4
33.74.10,Pedurungan,2023-06-01,51.6,28.5,69.4
33.74.10,Pedurungan,2023-07-01,25.8,28.4,62.1
33.74.10,Pedurungan,2023-08-01,2.0,28.5,60.4
33.74.10,Pedurungan,2023-09-01,7.7,29.1,55.6
33.74.10,Pedurungan,2023-10-01,29.6,29.9,62.9
33.74.10,Pedurungan,2023-11-01,132.0,28.5,76.7
33.74.10,Pedurungan,2023-12-01,168.1,27.9,78.7
33.74.10,Pedurungan,2024-01-01,256.7,26.8,87.5
33.74.10,Pedurungan,2024-02-01,250.3,27.2,85.8
33.74.10,Pedurungan,2024-03-01,201.4,27.5,83.5
33.74.10,Pedurungan,2024-04-01,211.7,28.0,83.1
33.74.10,Pedurungan,2024-05-01,34.9,30.1,64.6
33.74.10,Pedurungan,2024-06-01,84.2,28.5,71.9
33.74.10,Pedurungan,2024-07-01,44.8,28.3,64.2
33.74.10,Pedurungan,2024-08-01,16.6,28.9,58.7
33.74.10,Pedurungan,2024-09-01,102.1,28.7,66.1
33.74.10,Pedurungan,2024-10-01,62.1,29.5,65.7
33.74.10,Pedurungan,2024-11-01,300.2,27.7,81.8
33.74.10,Pedurungan,2024-12-01,188.9,27.2,84.4
33.74.10,Pedurungan,2025-01-01,238.1,26.7,84.6
33.74.10,Pedurungan,2025-02-01,138.2,27.0,82.0
33.74.10,Pedurungan,2025-03-01,212.2,27.3,83.0
33.74.10,Pedurungan,2025-04-01,150.2,27.9,78.3
33.74.10,Pedurungan,2025-05-01,270.2,27.3,83.3
33.74.10,Pedurungan,2025-06-01,90.5,27.7,75.3
33.74.10,Pedurungan,2025-07-01,40.7,28.1,66.3
33.74.10,Pedurungan,2025-08-01,141.4,27.8,70.9
33.74.10,Pedurungan,2025-09-01,125.5,28.5,68.8
33.74.10,Pedurungan,2025-10-01,299.4,28.5,73.8
33.74.10,Pedurungan,2025-11-01,251.2,27.2,82.4
33.74.10,Pedurungan,2025-12-01,173.5,27.1,83.4
33.74.10,Pedurungan,2026-01-01,262.9,26.3,83.1
33.74.10,Pedurungan,2026-02-01,196.1,26.4,83.6
33.74.10,Pedurungan,2026-03-01,175.2,27.7,77.1
33.74.10,Pedurungan,2026-04-01,189.3,28.4,76.0
33.74.10,Pedurungan,2026-05-01,82.5,28.5,76.1
33.74.10,Pedurungan,2026-06-01,43.2,28.3,69.7
33.74.10,Pedurungan,2026-07-01,2.6,28.0,61.8
33.74.10,Pedurungan,2026-08-01,8.5,28.6,62.8
33.74.10,Pedurungan,2026-09-01,18.0,29.4,59.8
33.74.11,Tembalang,2021-01-01,480.5,24.7,90.0
33.74.11,Tembalang,2021-02-01,386.5,24.7,88.6
33.74.11,Tembalang,2021-03-01,303.0,25.3,87.9
33.74.11,Tembalang,2021-04-01,144.2,26.0,82.8
33.74.11,Tembalang,2021-05-01,183.7,27.0,77.8
33.74.11,Tembalang,2021-06-01,154.2,26.0,82.0
33.74.11,Tembalang,2021-07-01,13.5,27.5,63.1
33.74.11,Tembalang,2021-08-01,87.0,27.7,65.0
33.74.11,Tembalang,2021-09-01,80.3,27.6,67.6
33.74.11,Tembalang,2021-10-01,149.3,27.5,71.5
33.74.11,Tembalang,2021-11-01,407.7,25.5,87.5
33.74.11,Tembalang,2021-12-01,416.8,25.3,88.9
33.74.11,Tembalang,2022-01-01,324.5,25.1,86.4
33.74.11,Tembalang,2022-02-01,324.1,25.2,86.2
33.74.11,Tembalang,2022-03-01,458.6,25.4,87.6
33.74.11,Tembalang,2022-04-01,258.1,25.9,83.7
33.74.11,Tembalang,2022-05-01,203.7,26.0,83.8
33.74.11,Tembalang,2022-06-01,179.6,25.5,81.6
33.74.11,Tembalang,2022-07-01,66.8,26.5,72.2
33.74.11,Tembalang,2022-08-01,74.1,27.2,68.0
33.74.11,Tembalang,2022-09-01,102.1,27.4,69.2
33.74.11,Tembalang,2022-10-01,394.1,25.5,84.2
33.74.11,Tembalang,2022-11-01,522.3,25.3,86.9
33.74.11,Tembalang,2022-12-01,386.6,25.3,85.5
33.74.11,Tembalang,2023-01-01,339.0,25.0,87.5
33.74.11,Tembalang,2023-02-01,397.8,24.8,87.4
33.74.11,Tembalang,2023-03-01,361.4,25.4,86.3
33.74.11,Tembalang,2023-04-01,323.1,25.8,84.9
33.74.11,Tembalang,2023-05-01,76.2,26.8,75.0
33.74.11,Tembalang,2023-06-01,70.5,27.3,71.0
33.74.11,Tembalang,2023-07-01,43.7,27.0,66.2
33.74.11,Tembalang,2023-08-01,5.4,27.4,62.1
33.74.11,Tembalang,2023-09-01,12.1,28.1,56.5
33.74.11,Tembalang,2023-10-01,25.8,29.1,61.9
33.74.11,Tembalang,2023-11-01,160.0,27.6,77.3
33.74.11,Tembalang,2023-12-01,200.0,27.0,79.3
33.74.11,Tembalang,2024-01-01,400.7,25.9,88.0
33.74.11,Tembalang,2024-02-01,404.6,26.1,87.4
33.74.11,Tembalang,2024-03-01,317.9,26.3,85.7
33.74.11,Tembalang,2024-04-01,309.8,26.9,85.1
33.74.11,Tembalang,2024-05-01,45.0,28.2,72.0
33.74.11,Tembalang,2024-06-01,82.4,27.4,73.9
33.74.11,Tembalang,2024-07-01,38.4,27.1,66.8
33.74.11,Tembalang,2024-08-01,14.7,27.7,62.3
33.74.11,Tembalang,2024-09-01,101.5,27.6,67.5
33.74.11,Tembalang,2024-10-01,42.0,28.5,66.8
33.74.11,Tembalang,2024-11-01,312.1,26.9,81.8
33.74.11,Tembalang,2024-12-01,447.3,25.9,87.9
33.74.11,Tembalang,2025-01-01,381.7,25.3,87.9
33.74.11,Tembalang,2025-02-01,252.1,25.6,85.0
33.74.11,Tembalang,2025-03-01,277.3,26.0,85.1
33.74.11,Tembalang,2025-04-01,214.8,26.2,82.5
33.74.11,Tembalang,2025-05-01,301.8,26.1,84.6
33.74.11,Tembalang,2025-06-01,87.1,26.4,77.4
33.74.11,Tembalang,2025-07-01,48.5,26.8,69.8
33.74.11,Tembalang,2025-08-01,147.1,26.7,72.7
33.74.11,Tembalang,2025-09-01,97.3,27.4,70.2
33.74.11,Tembalang,2025-10-01,310.5,27.4,74.7
33.74.11,Tembalang,2025-11-01,288.4,26.1,84.0
33.74.11,Tembalang,2025-12-01,319.5,25.9,85.7
33.74.11,Tembalang,2026-01-01,326.3,25.1,84.8
33.74.11,Tembalang,2026-02-01,279.1,25.3,85.3
33.74.11,Tembalang,2026-03-01,209.4,26.0,82.3
33.74.11,Tembalang,2026-04-01,203.2,27.0,79.2
33.74.11,Tembalang,2026-05-01,101.5,27.2,78.5
33.74.11,Tembalang,2026-06-01,40.4,26.9,73.3
33.74.11,Tembalang,2026-07-01,7.6,26.6,65.1
33.74.11,Tembalang,2026-08-01,16.6,27.2,67.1
33.74.11,Tembalang,2026-09-01,17.1,28.0,62.5
33.74.12,Banyumanik,2021-01-01,480.5,24.7,90.0
33.74.12,Banyumanik,2021-02-01,386.5,24.7,88.6
33.74.12,Banyumanik,2021-03-01,303.0,25.3,87.9
33.74.12,Banyumanik,2021-04-01,144.2,26.0,82.8
33.74.12,Banyumanik,2021-05-01,183.7,27.0,77.8
33.74.12,Banyumanik,2021-06-01,154.2,26.0,82.0
33.74.12,Banyumanik,2021-07-01,13.5,27.5,63.1
33.74.12,Banyumanik,2021-08-01,87.0,27.7,65.0
33.74.12,Banyumanik,2021-09-01,80.3,27.6,67.6
33.74.12,Banyumanik,2021-10-01,149.3,27.5,71.5
33.74.12,Banyumanik,2021-11-01,407.7,25.5,87.5
33.74.12,Banyumanik,2021-12-01,416.8,25.3,88.9
33.74.12,Banyumanik,2022-01-01,324.5,25.1,86.4
33.74.12,Banyumanik,2022-02-01,324.1,25.2,86.2
33.74.12,Banyumanik,2022-03-01,458.6,25.4,87.6
33.74.12,Banyumanik,2022-04-01,258.1,25.9,83.7
33.74.12,Banyumanik,2022-05-01,203.7,26.0,83.8
33.74.12,Banyumanik,2022-06-01,179.6,25.5,81.6
33.74.12,Banyumanik,2022-07-01,66.8,26.5,72.2
33.74.12,Banyumanik,2022-08-01,74.1,27.2,68.0
33.74.12,Banyumanik,2022-09-01,102.1,27.4,69.2
33.74.12,Banyumanik,2022-10-01,394.1,25.5,84.2
33.74.12,Banyumanik,2022-11-01,522.3,25.3,86.9
33.74.12,Banyumanik,2022-12-01,386.6,25.3,85.5
33.74.12,Banyumanik,2023-01-01,339.0,25.0,87.5
33.74.12,Banyumanik,2023-02-01,397.8,24.8,87.4
33.74.12,Banyumanik,2023-03-01,361.4,25.4,86.3
33.74.12,Banyumanik,2023-04-01,323.1,25.8,84.9
33.74.12,Banyumanik,2023-05-01,76.2,26.8,75.0
33.74.12,Banyumanik,2023-06-01,70.5,27.3,71.0
33.74.12,Banyumanik,2023-07-01,43.7,27.0,66.2
33.74.12,Banyumanik,2023-08-01,5.4,27.4,62.1
33.74.12,Banyumanik,2023-09-01,12.1,28.1,56.5
33.74.12,Banyumanik,2023-10-01,25.8,29.1,61.9
33.74.12,Banyumanik,2023-11-01,160.0,27.6,77.3
33.74.12,Banyumanik,2023-12-01,200.0,27.0,79.3
33.74.12,Banyumanik,2024-01-01,400.7,25.9,88.0
33.74.12,Banyumanik,2024-02-01,404.6,26.1,87.4
33.74.12,Banyumanik,2024-03-01,317.9,26.3,85.7
33.74.12,Banyumanik,2024-04-01,309.8,26.9,85.1
33.74.12,Banyumanik,2024-05-01,45.0,28.2,72.0
33.74.12,Banyumanik,2024-06-01,82.4,27.4,73.9
33.74.12,Banyumanik,2024-07-01,38.4,27.1,66.8
33.74.12,Banyumanik,2024-08-01,14.7,27.7,62.3
33.74.12,Banyumanik,2024-09-01,101.5,27.6,67.5
33.74.12,Banyumanik,2024-10-01,42.0,28.5,66.8
33.74.12,Banyumanik,2024-11-01,312.1,26.9,81.8
33.74.12,Banyumanik,2024-12-01,447.3,25.9,87.9
33.74.12,Banyumanik,2025-01-01,381.7,25.3,87.9
33.74.12,Banyumanik,2025-02-01,252.1,25.6,85.0
33.74.12,Banyumanik,2025-03-01,277.3,26.0,85.1
33.74.12,Banyumanik,2025-04-01,214.8,26.2,82.5
33.74.12,Banyumanik,2025-05-01,301.8,26.1,84.6
33.74.12,Banyumanik,2025-06-01,87.1,26.4,77.4
33.74.12,Banyumanik,2025-07-01,48.5,26.8,69.8
33.74.12,Banyumanik,2025-08-01,147.1,26.7,72.7
33.74.12,Banyumanik,2025-09-01,97.3,27.4,70.2
33.74.12,Banyumanik,2025-10-01,310.5,27.4,74.7
33.74.12,Banyumanik,2025-11-01,288.4,26.1,84.0
33.74.12,Banyumanik,2025-12-01,319.5,25.9,85.7
33.74.12,Banyumanik,2026-01-01,326.3,25.1,84.8
33.74.12,Banyumanik,2026-02-01,279.1,25.3,85.3
33.74.12,Banyumanik,2026-03-01,209.4,26.0,82.3
33.74.12,Banyumanik,2026-04-01,203.2,27.0,79.2
33.74.12,Banyumanik,2026-05-01,101.5,27.2,78.5
33.74.12,Banyumanik,2026-06-01,40.4,26.9,73.3
33.74.12,Banyumanik,2026-07-01,7.6,26.6,65.1
33.74.12,Banyumanik,2026-08-01,16.6,27.2,67.1
33.74.12,Banyumanik,2026-09-01,17.1,28.0,62.5
33.74.13,Gunungpati,2021-01-01,572.8,23.8,90.0
33.74.13,Gunungpati,2021-02-01,529.0,23.6,91.3
33.74.13,Gunungpati,2021-03-01,431.2,24.4,88.8
33.74.13,Gunungpati,2021-04-01,196.1,24.9,84.5
33.74.13,Gunungpati,2021-05-01,184.9,25.7,81.0
33.74.13,Gunungpati,2021-06-01,194.9,24.9,84.7
33.74.13,Gunungpati,2021-07-01,19.5,25.9,67.7
33.74.13,Gunungpati,2021-08-01,93.0,26.2,68.2
33.74.13,Gunungpati,2021-09-01,119.9,26.1,71.5
33.74.13,Gunungpati,2021-10-01,183.1,26.0,74.4
33.74.13,Gunungpati,2021-11-01,497.3,24.6,87.4
33.74.13,Gunungpati,2021-12-01,507.3,24.5,88.2
33.74.13,Gunungpati,2022-01-01,399.9,24.1,86.7
33.74.13,Gunungpati,2022-02-01,325.4,24.2,86.8
33.74.13,Gunungpati,2022-03-01,530.0,24.6,87.6
33.74.13,Gunungpati,2022-04-01,327.8,24.9,84.3
33.74.13,Gunungpati,2022-05-01,219.0,25.2,84.3
33.74.13,Gunungpati,2022-06-01,206.5,24.6,82.2
33.74.13,Gunungpati,2022-07-01,95.9,25.0,76.5
33.74.13,Gunungpati,2022-08-01,102.3,25.6,72.2
33.74.13,Gunungpati,2022-09-01,159.6,25.9,72.8
33.74.13,Gunungpati,2022-10-01,512.2,24.5,84.5
33.74.13,Gunungpati,2022-11-01,602.1,24.4,87.1
33.74.13,Gunungpati,2022-12-01,411.6,24.3,85.9
33.74.13,Gunungpati,2023-01-01,419.4,24.1,86.9
33.74.13,Gunungpati,2023-02-01,423.2,23.8,88.2
33.74.13,Gunungpati,2023-03-01,423.4,24.5,86.3
33.74.13,Gunungpati,2023-04-01,386.1,24.9,84.6
33.74.13,Gunungpati,2023-05-01,99.6,25.6,77.0
33.74.13,Gunungpati,2023-06-01,70.2,26.0,73.8
33.74.13,Gunungpati,2023-07-01,60.5,25.6,69.4
33.74.13,Gunungpati,2023-08-01,7.2,26.4,62.6
33.74.13,Gunungpati,2023-09-01,15.1,27.0,57.0
33.74.13,Gunungpati,2023-10-01,36.3,27.9,63.1
33.74.13,Gunungpati,2023-11-01,233.5,26.5,78.3
33.74.13,Gunungpati,2023-12-01,281.8,25.9,80.8
33.74.13,Gunungpati,2024-01-01,427.0,25.1,87.9
33.74.13,Gunungpati,2024-02-01,553.7,25.1,88.2
33.74.13,Gunungpati,2024-03-01,407.1,25.3,87.0
33.74.13,Gunungpati,2024-04-01,371.3,25.9,86.7
33.74.13,Gunungpati,2024-05-01,51.0,26.9,75.3
33.74.13,Gunungpati,2024-06-01,88.7,26.0,77.5
33.74.13,Gunungpati,2024-07-01,53.5,25.8,69.8
33.74.13,Gunungpati,2024-08-01,24.2,26.5,63.8
33.74.13,Gunungpati,2024-09-01,116.5,26.4,69.3
33.74.13,Gunungpati,2024-10-01,74.2,27.0,69.7
33.74.13,Gunungpati,2024-11-01,364.7,25.7,83.6
33.74.13,Gunungpati,2024-12-01,609.8,24.8,88.4
33.74.13,Gunungpati,2025-01-01,621.9,24.2,89.4
33.74.13,Gunungpati,2025-02-01,389.6,24.4,87.9
33.74.13,Gunungpati,2025-03-01,400.4,24.9,86.9
33.74.13,Gunungpati,2025-04-01,341.4,25.0,84.9
33.74.13,Gunungpati,2025-05-01,411.4,25.1,86.1
33.74.13,Gunungpati,2025-06-01,133.4,25.3,79.8
33.74.13,Gunungpati,2025-07-01,68.5,25.5,72.7
33.74.13,Gunungpati,2025-08-01,150.6,25.3,75.7
33.74.13,Gunungpati,2025-09-01,145.8,26.0,73.1
33.74.13,Gunungpati,2025-10-01,337.6,26.0,77.4
33.74.13,Gunungpati,2025-11-01,409.6,25.1,83.9
33.74.13,Gunungpati,2025-12-01,421.8,24.9,86.4
33.74.13,Gunungpati,2026-01-01,508.3,23.9,87.3
33.74.13,Gunungpati,2026-02-01,478.9,24.2,86.9
33.74.13,Gunungpati,2026-03-01,341.6,24.7,84.4
33.74.13,Gunungpati,2026-04-01,236.5,25.8,81.6
33.74.13,Gunungpati,2026-05-01,140.9,25.9,81.8
33.74.13,Gunungpati,2026-06-01,45.6,25.7,75.7
33.74.13,Gunungpati,2026-07-01,16.8,25.1,69.5
33.74.13,Gunungpati,2026-08-01,22.9,25.6,72.6
33.74.13,Gunungpati,2026-09-01,30.3,26.2,68.0
33.74.14,Mijen,2021-01-01,534.8,24.3,90.5
33.74.14,Mijen,2021-02-01,597.6,24.1,92.9
33.74.14,Mijen,2021-03-01,448.3,24.9,89.1
33.74.14,Mijen,2021-04-01,231.2,25.5,85.4
33.74.14,Mijen,2021-05-01,207.6,26.2,83.2
33.74.14,Mijen,2021-06-01,272.9,25.4,86.2
33.74.14,Mijen,2021-07-01,27.3,26.0,73.3
33.74.14,Mijen,2021-08-01,82.9,26.5,70.7
33.74.14,Mijen,2021-09-01,121.9,26.4,73.8
33.74.14,Mijen,2021-10-01,196.2,26.5,75.6
33.74.14,Mijen,2021-11-01,484.2,25.2,87.6
33.74.14,Mijen,2021-12-01,453.3,25.1,87.7
33.74.14,Mijen,2022-01-01,390.0,24.6,87.7
33.74.14,Mijen,2022-02-01,377.6,24.7,87.6
33.74.14,Mijen,2022-03-01,558.8,25.1,88.0
33.74.14,Mijen,2022-04-01,330.0,25.4,85.2
33.74.14,Mijen,2022-05-01,248.2,25.8,85.1
33.74.14,Mijen,2022-06-01,291.1,25.1,83.9
33.74.14,Mijen,2022-07-01,110.9,25.4,79.1
33.74.14,Mijen,2022-08-01,126.3,25.9,74.8
33.74.14,Mijen,2022-09-01,170.9,26.1,76.5
33.74.14,Mijen,2022-10-01,434.4,25.1,84.2
33.74.14,Mijen,2022-11-01,559.1,25.0,87.3
33.74.14,Mijen,2022-12-01,390.2,24.8,86.3
33.74.14,Mijen,2023-01-01,427.5,24.7,86.9
33.74.14,Mijen,2023-02-01,463.1,24.2,89.8
33.74.14,Mijen,2023-03-01,444.6,25.0,87.5
33.74.14,Mijen,2023-04-01,359.6,25.5,85.2
33.74.14,Mijen,2023-05-01,162.5,26.2,77.9
33.74.14,Mijen,2023-06-01,81.2,26.4,75.1
33.74.14,Mijen,2023-07-01,54.5,25.8,72.1
33.74.14,Mijen,2023-08-01,12.5,26.7,64.5
33.74.14,Mijen,2023-09-01,26.1,27.5,57.9
33.74.14,Mijen,2023-10-01,63.8,28.4,64.7
33.74.14,Mijen,2023-11-01,265.3,27.2,77.5
33.74.14,Mijen,2023-12-01,274.7,26.4,81.0
33.74.14,Mijen,2024-01-01,441.4,25.7,87.9
33.74.14,Mijen,2024-02-01,512.0,25.6,88.8
33.74.14,Mijen,2024-03-01,401.1,25.8,88.3
33.74.14,Mijen,2024-04-01,442.0,26.5,87.4
33.74.14,Mijen,2024-05-01,88.5,27.3,77.1
33.74.14,Mijen,2024-06-01,125.1,26.3,80.3
33.74.14,Mijen,2024-07-01,66.9,26.1,72.0
33.74.14,Mijen,2024-08-01,21.8,26.9,65.0
33.74.14,Mijen,2024-09-01,147.0,26.9,71.0
33.74.14,Mijen,2024-10-01,80.8,27.5,70.5
33.74.14,Mijen,2024-11-01,451.3,26.1,85.0
33.74.14,Mijen,2024-12-01,566.8,25.4,88.7
33.74.14,Mijen,2025-01-01,566.4,24.8,90.3
33.74.14,Mijen,2025-02-01,417.5,24.8,89.5
33.74.14,Mijen,2025-03-01,381.5,25.4,88.0
33.74.14,Mijen,2025-04-01,315.0,25.5,86.2
33.74.14,Mijen,2025-05-01,384.8,25.6,87.3
33.74.14,Mijen,2025-06-01,156.4,25.9,80.9
33.74.14,Mijen,2025-07-01,65.0,26.0,73.8
33.74.14,Mijen,2025-08-01,128.1,25.9,76.7
33.74.14,Mijen,2025-09-01,185.1,26.5,74.7
33.74.14,Mijen,2025-10-01,325.5,26.6,78.1
33.74.14,Mijen,2025-11-01,358.9,25.7,83.8
33.74.14,Mijen,2025-12-01,431.6,25.4,86.6
33.74.14,Mijen,2026-01-01,464.1,24.4,89.0
33.74.14,Mijen,2026-02-01,535.6,24.6,88.3
33.74.14,Mijen,2026-03-01,345.5,25.2,85.6
33.74.14,Mijen,2026-04-01,257.4,26.2,83.4
33.74.14,Mijen,2026-05-01,170.7,26.3,83.4
33.74.14,Mijen,2026-06-01,44.0,26.2,76.9
33.74.14,Mijen,2026-07-01,21.1,25.6,71.0
33.74.14,Mijen,2026-08-01,23.0,26.0,74.2
33.74.14,Mijen,2026-09-01,33.4,26.5,70.0
33.74.15,Ngaliyan,2021-01-01,407.8,25.3,88.7
33.74.15,Ngaliyan,2021-02-01,481.9,25.1,89.0
33.74.15,Ngaliyan,2021-03-01,238.6,25.9,87.9
33.74.15,Ngaliyan,2021-04-01,116.5,26.5,83.8
33.74.15,Ngaliyan,2021-05-01,166.6,27.3,79.5
33.74.15,Ngaliyan,2021-06-01,123.0,26.6,82.5
33.74.15,Ngaliyan,2021-07-01,11.5,27.6,66.8
33.74.15,Ngaliyan,2021-08-01,54.9,27.9,67.0
33.74.15,Ngaliyan,2021-09-01,54.3,27.7,69.6
33.74.15,Ngaliyan,2021-10-01,95.3,27.6,73.5
33.74.15,Ngaliyan,2021-11-01,351.0,26.1,87.1
33.74.15,Ngaliyan,2021-12-01,506.2,25.9,87.7
33.74.15,Ngaliyan,2022-01-01,304.4,25.6,86.4
33.74.15,Ngaliyan,2022-02-01,322.0,25.7,85.8
33.74.15,Ngaliyan,2022-03-01,371.9,26.0,87.1
33.74.15,Ngaliyan,2022-04-01,180.4,26.5,83.7
33.74.15,Ngaliyan,2022-05-01,189.5,26.7,83.3
33.74.15,Ngaliyan,2022-06-01,180.9,26.1,82.4
33.74.15,Ngaliyan,2022-07-01,71.1,26.6,75.4
33.74.15,Ngaliyan,2022-08-01,53.8,27.2,71.0
33.74.15,Ngaliyan,2022-09-01,86.0,27.4,73.2
33.74.15,Ngaliyan,2022-10-01,341.3,26.0,84.8
33.74.15,Ngaliyan,2022-11-01,391.0,25.9,86.5
33.74.15,Ngaliyan,2022-12-01,312.9,25.8,85.6
33.74.15,Ngaliyan,2023-01-01,338.0,25.5,86.5
33.74.15,Ngaliyan,2023-02-01,392.6,25.3,86.8
33.74.15,Ngaliyan,2023-03-01,323.7,25.9,86.2
33.74.15,Ngaliyan,2023-04-01,269.8,26.4,84.7
33.74.15,Ngaliyan,2023-05-01,66.1,27.3,75.5
33.74.15,Ngaliyan,2023-06-01,39.1,27.7,72.0
33.74.15,Ngaliyan,2023-07-01,25.1,27.5,64.2
33.74.15,Ngaliyan,2023-08-01,1.7,27.9,61.0
33.74.15,Ngaliyan,2023-09-01,7.1,28.4,56.0
33.74.15,Ngaliyan,2023-10-01,40.7,29.1,63.6
33.74.15,Ngaliyan,2023-11-01,126.2,27.9,77.6
33.74.15,Ngaliyan,2023-12-01,136.1,27.5,77.6
33.74.15,Ngaliyan,2024-01-01,325.4,26.5,85.9
33.74.15,Ngaliyan,2024-02-01,305.7,26.6,86.4
33.74.15,Ngaliyan,2024-03-01,307.7,26.7,85.3
33.74.15,Ngaliyan,2024-04-01,244.6,27.3,85.1
33.74.15,Ngaliyan,2024-05-01,26.2,28.8,70.3
33.74.15,Ngaliyan,2024-06-01,63.9,27.9,72.7
33.74.15,Ngaliyan,2024-07-01,36.6,27.6,65.3
33.74.15,Ngaliyan,2024-08-01,14.5,28.0,61.6
33.74.15,Ngaliyan,2024-09-01,64.5,28.1,66.4
33.74.15,Ngaliyan,2024-10-01,55.4,28.8,65.7
33.74.15,Ngaliyan,2024-11-01,274.4,27.4,80.6
33.74.15,Ngaliyan,2024-12-01,404.3,26.5,86.2
33.74.15,Ngaliyan,2025-01-01,388.8,25.8,86.9
33.74.15,Ngaliyan,2025-02-01,198.0,25.9,85.4
33.74.15,Ngaliyan,2025-03-01,187.8,26.6,83.8
33.74.15,Ngaliyan,2025-04-01,138.8,26.9,80.3
33.74.15,Ngaliyan,2025-05-01,202.9,26.9,82.1
33.74.15,Ngaliyan,2025-06-01,95.9,27.5,73.1
33.74.15,Ngaliyan,2025-07-01,40.0,27.9,64.9
33.74.15,Ngaliyan,2025-08-01,103.1,27.2,71.6
33.74.15,Ngaliyan,2025-09-01,127.1,27.8,69.7
33.74.15,Ngaliyan,2025-10-01,290.3,27.7,75.3
33.74.15,Ngaliyan,2025-11-01,242.4,26.8,81.9
33.74.15,Ngaliyan,2025-12-01,289.2,26.5,84.3
33.74.15,Ngaliyan,2026-01-01,351.4,25.5,84.2
33.74.15,Ngaliyan,2026-02-01,252.6,25.8,84.5
33.74.15,Ngaliyan,2026-03-01,191.3,26.3,81.8
33.74.15,Ngaliyan,2026-04-01,136.3,27.7,76.6
33.74.15,Ngaliyan,2026-05-01,110.2,28.0,75.3
33.74.15,Ngaliyan,2026-06-01,34.7,28.4,65.9
33.74.15,Ngaliyan,2026-07-01,4.8,28.1,58.1
33.74.15,Ngaliyan,2026-08-01,11.8,28.2,63.2
33.74.15,Ngaliyan,2026-09-01,16.0,28.6,60.8
33.74.16,Tugu,2021-01-01,407.8,26.0,88.8
33.74.16,Tugu,2021-02-01,481.9,25.8,89.1
33.74.16,Tugu,2021-03-01,238.6,26.6,87.9
33.74.16,Tugu,2021-04-01,116.5,27.2,83.8
33.74.16,Tugu,2021-05-01,166.6,28.0,79.6
33.74.16,Tugu,2021-06-01,123.0,27.3,82.5
33.74.16,Tugu,2021-07-01,11.5,28.3,66.9
33.74.16,Tugu,2021-08-01,54.9,28.6,67.3
33.74.16,Tugu,2021-09-01,54.3,28.4,69.8
33.74.16,Tugu,2021-10-01,95.3,28.3,73.6
33.74.16,Tugu,2021-11-01,351.0,26.8,87.2
33.74.16,Tugu,2021-12-01,506.2,26.6,87.8
33.74.16,Tugu,2022-01-01,304.4,26.3,86.4
33.74.16,Tugu,2022-02-01,322.0,26.4,85.8
33.74.16,Tugu,2022-03-01,371.9,26.7,87.1
33.74.16,Tugu,2022-04-01,180.4,27.2,83.7
33.74.16,Tugu,2022-05-01,189.5,27.4,83.5
33.74.16,Tugu,2022-06-01,180.9,26.8,82.5
33.74.16,Tugu,2022-07-01,71.1,27.3,75.5
33.74.16,Tugu,2022-08-01,53.8,27.9,71.3
33.74.16,Tugu,2022-09-01,86.0,28.1,73.3
33.74.16,Tugu,2022-10-01,341.3,26.6,84.8
33.74.16,Tugu,2022-11-01,391.0,26.6,86.6
33.74.16,Tugu,2022-12-01,312.9,26.5,85.6
33.74.16,Tugu,2023-01-01,338.0,26.2,86.6
33.74.16,Tugu,2023-02-01,392.6,26.0,86.9
33.74.16,Tugu,2023-03-01,323.7,26.6,86.3
33.74.16,Tugu,2023-04-01,269.8,27.1,84.8
33.74.16,Tugu,2023-05-01,66.1,28.0,75.8
33.74.16,Tugu,2023-06-01,39.1,28.4,72.1
33.74.16,Tugu,2023-07-01,25.1,28.2,64.5
33.74.16,Tugu,2023-08-01,1.7,28.6,61.1
33.74.16,Tugu,2023-09-01,7.1,29.1,56.1
33.74.16,Tugu,2023-10-01,40.7,29.8,63.7
33.74.16,Tugu,2023-11-01,126.2,28.6,77.7
33.74.16,Tugu,2023-12-01,136.1,28.2,77.8
33.74.16,Tugu,2024-01-01,325.4,27.2,85.9
33.74.16,Tugu,2024-02-01,305.7,27.3,86.4
33.74.16,Tugu,2024-03-01,307.7,27.4,85.5
33.74.16,Tugu,2024-04-01,244.6,28.0,85.1
33.74.16,Tugu,2024-05-01,26.2,29.5,70.5
33.74.16,Tugu,2024-06-01,63.9,28.6,72.7
33.74.16,Tugu,2024-07-01,36.6,28.3,65.4
33.74.16,Tugu,2024-08-01,14.5,28.7,61.8
33.74.16,Tugu,2024-09-01,64.5,28.8,66.6
33.74.16,Tugu,2024-10-01,55.4,29.5,65.9
33.74.16,Tugu,2024-11-01,274.4,28.1,80.7
33.74.16,Tugu,2024-12-01,404.3,27.1,86.3
33.74.16,Tugu,2025-01-01,388.8,26.5,87.0
33.74.16,Tugu,2025-02-01,198.0,26.6,85.5
33.74.16,Tugu,2025-03-01,187.8,27.3,83.9
33.74.16,Tugu,2025-04-01,138.8,27.6,80.4
33.74.16,Tugu,2025-05-01,202.9,27.6,82.3
33.74.16,Tugu,2025-06-01,95.9,28.2,73.2
33.74.16,Tugu,2025-07-01,40.0,28.6,65.0
33.74.16,Tugu,2025-08-01,103.1,27.9,71.7
33.74.16,Tugu,2025-09-01,127.1,28.5,69.9
33.74.16,Tugu,2025-10-01,290.3,28.4,75.5
33.74.16,Tugu,2025-11-01,242.4,27.5,82.0
33.74.16,Tugu,2025-12-01,289.2,27.2,84.4
33.74.16,Tugu,2026-01-01,351.4,26.2,84.2
33.74.16,Tugu,2026-02-01,252.6,26.4,84.5
33.74.16,Tugu,2026-03-01,191.3,27.0,81.9
33.74.16,Tugu,2026-04-01,136.3,28.4,76.8
33.74.16,Tugu,2026-05-01,110.2,28.7,75.4
33.74.16,Tugu,2026-06-01,34.7,29.0,65.9
33.74.16,Tugu,2026-07-01,4.8,28.8,58.2
33.74.16,Tugu,2026-08-01,11.8,28.9,63.3
33.74.16,Tugu,2026-09-01,16.0,29.3,61.0
