kecamatan_id,kecamatan_nama,month_start,disease,cases,population,rainfall_mm,temp_mean_c,humidity_pct,rainfall_lag1,temp_lag1,humidity_lag1,rainfall_lag2,temp_lag2,humidity_lag2,rainfall_lag3,temp_lag3,humidity_lag3,rainfall_cumul_2m,cases_lag1,cases_lag2,cases_lag3,cases_ma_3m,cases_trend,temp_x_humidity,rain_x_humidity,month,month_sin,month_cos,is_pancaroba,cases_per_10k_lag1,kecamatan_encoded
33.74.01,Semarang Tengah,2025-04-01,ISPA,767,62540,134.2,27.5,79.4,154.7,27.1,82.8,153.7,26.4,83.9,287.0,26.2,86.4,308.4,792.0,902.0,959.0,884.3333333333334,-110.0,2243.88,12809.159999999998,4,0.8660254037844387,-0.4999999999999998,1,126.63895107131435,0
33.74.01,Semarang Tengah,2025-05-01,ISPA,635,62540,243.0,27.3,82.1,134.2,27.5,79.4,154.7,27.1,82.8,153.7,26.4,83.9,288.9,767.0,792.0,902.0,820.3333333333334,-25.0,2183.5,10655.48,5,0.49999999999999994,-0.8660254037844387,0,122.64150943396227,0
33.74.01,Semarang Tengah,2025-06-01,ISPA,963,62540,89.7,27.8,73.1,243.0,27.3,82.1,134.2,27.5,79.4,154.7,27.1,82.8,377.2,635.0,767.0,792.0,731.3333333333334,-132.0,2241.33,19950.3,6,1.2246467991473532e-16,-1.0,0,101.5350175887432,0
33.74.01,Semarang Tengah,2025-07-01,ISPA,768,62540,35.8,28.2,65.1,89.7,27.8,73.1,243.0,27.3,82.1,134.2,27.5,79.4,332.7,963.0,635.0,767.0,788.3333333333334,328.0,2032.1799999999998,6557.07,7,-0.4999999999999997,-0.8660254037844388,0,153.9814518708027,0
33.74.01,Semarang Tengah,2025-08-01,ISPA,877,62540,141.2,27.8,70.4,35.8,28.2,65.1,89.7,27.8,73.1,243.0,27.3,82.1,125.5,768.0,963.0,635.0,788.6666666666666,-195.0,1835.8199999999997,2330.5799999999995,8,-0.8660254037844385,-0.5000000000000004,0,122.80140709945636,0
33.74.01,Semarang Tengah,2025-09-01,ISPA,810,62540,112.9,28.4,68.7,141.2,27.8,70.4,35.8,28.2,65.1,89.7,27.8,73.1,177.0,877.0,768.0,963.0,869.3333333333334,109.0,1957.1200000000001,9940.48,9,-1.0,-1.8369701987210297e-16,0,140.23025263831147,0
33.74.01,Semarang Tengah,2025-10-01,ISPA,986,62540,263.5,28.2,74.2,112.9,28.4,68.7,141.2,27.8,70.4,35.8,28.2,65.1,254.1,810.0,877.0,768.0,818.3333333333334,-67.0,1951.08,7756.2300000000005,10,-0.8660254037844386,0.5000000000000001,1,129.51710905020786,0
33.74.01,Semarang Tengah,2025-11-01,ISPA,1070,62540,173.1,27.3,80.1,263.5,28.2,74.2,112.9,28.4,68.7,141.2,27.8,70.4,376.4,986.0,810.0,877.0,891.0,176.0,2092.44,19551.7,11,-0.5000000000000004,0.8660254037844384,1,157.6590981771666,0
33.74.01,Semarang Tengah,2025-12-01,ISPA,874,62540,176.6,27.0,82.8,173.1,27.3,80.1,263.5,28.2,74.2,112.9,28.4,68.7,436.6,1070.0,986.0,810.0,955.3333333333334,84.0,2186.73,13865.309999999998,12,-2.4492935982947064e-16,1.0,0,171.09050207866963,0
33.74.02,Semarang Utara,2025-04-01,ISPA,2884,128450,134.2,27.7,79.4,154.7,27.3,82.9,153.7,26.6,83.9,287.0,26.5,86.4,308.4,2249.0,2224.0,1811.0,2094.6666666666665,25.0,2263.17,12824.63,4,0.8660254037844387,-0.4999999999999998,1,175.0875827170105,1
33.74.02,Semarang Utara,2025-05-01,ISPA,2444,128450,243.0,27.5,82.1,134.2,27.7,79.4,154.7,27.3,82.9,153.7,26.6,83.9,288.9,2884.0,2249.0,2224.0,2452.3333333333335,635.0,2199.38,10655.48,5,0.49999999999999994,-0.8660254037844387,0,224.52316076294275,1
33.74.02,Semarang Utara,2025-06-01,ISPA,2312,128450,89.7,28.0,73.1,243.0,27.5,82.1,134.2,27.7,79.4,154.7,27.3,82.9,377.2,2444.0,2884.0,2249.0,2525.6666666666665,-440.0,2257.75,19950.3,6,1.2246467991473532e-16,-1.0,0,190.2685869988322,1
33.74.02,Semarang Utara,2025-07-01,ISPA,2508,128450,35.8,28.4,65.2,89.7,28.0,73.1,243.0,27.5,82.1,134.2,27.7,79.4,332.7,2312.0,2444.0,2884.0,2546.6666666666665,-132.0,2046.7999999999997,6557.07,7,-0.4999999999999997,-0.8660254037844388,0,179.99221486959905,1
33.74.02,Semarang Utara,2025-08-01,ISPA,2635,128450,141.2,28.0,70.4,35.8,28.4,65.2,89.7,28.0,73.1,243.0,27.5,82.1,125.5,2508.0,2312.0,2444.0,2421.3333333333335,196.0,1851.68,2334.16,8,-0.8660254037844385,-0.5000000000000004,0,195.25107045543012,1
33.74.02,Semarang Utara,2025-09-01,ISPA,3021,128450,112.9,28.6,68.8,141.2,28.0,70.4,35.8,28.4,65.2,89.7,28.0,73.1,177.0,2635.0,2508.0,2312.0,2485.0,127.0,1971.2000000000003,9940.48,9,-1.0,-1.8369701987210297e-16,0,205.13818606461658,1
33.74.02,Semarang Utara,2025-10-01,ISPA,2842,128450,263.5,28.5,74.2,112.9,28.6,68.8,141.2,28.0,70.4,35.8,28.4,65.2,254.1,3021.0,2635.0,2508.0,2721.3333333333335,386.0,1967.68,7767.52,10,-0.8660254037844386,0.5000000000000001,1,235.18878941222266,1
33.74.02,Semarang Utara,2025-11-01,ISPA,3555,128450,173.1,27.6,80.1,263.5,28.5,74.2,112.9,28.6,68.8,141.2,28.0,70.4,376.4,2842.0,3021.0,2635.0,2832.6666666666665,-179.0,2114.7000000000003,19551.7,11,-0.5000000000000004,0.8660254037844384,1,221.2534059945504,1
33.74.02,Semarang Utara,2025-12-01,ISPA,2068,128450,176.6,27.2,82.8,173.1,27.6,80.1,263.5,28.5,74.2,112.9,28.6,68.8,436.6,3555.0,2842.0,3021.0,3139.3333333333335,713.0,2210.7599999999998,13865.309999999998,12,-2.4492935982947064e-16,1.0,0,276.76138575321136,1
33.74.03,Semarang Timur,2025-04-01,ISPA,1299,72130,134.2,27.5,79.4,154.7,27.1,82.8,153.7,26.4,83.9,287.0,26.2,86.4,308.4,1377.0,1423.0,1563.0,1454.3333333333333,-46.0,2243.88,12809.159999999998,4,0.8660254037844387,-0.4999999999999998,1,190.9053098572023,2
33.74.03,Semarang Timur,2025-05-01,ISPA,1413,72130,243.0,27.3,82.1,134.2,27.5,79.4,154.7,27.1,82.8,153.7,26.4,83.9,288.9,1299.0,1377.0,1423.0,1366.3333333333333,-78.0,2183.5,10655.48,5,0.49999999999999994,-0.8660254037844387,0,180.091501455705,2
33.74.03,Semarang Timur,2025-06-01,ISPA,1094,72130,89.7,27.8,73.1,243.0,27.3,82.1,134.2,27.5,79.4,154.7,27.1,82.8,377.2,1413.0,1299.0,1377.0,1363.0,114.0,2241.33,19950.3,6,1.2246467991473532e-16,-1.0,0,195.89629835020102,2
33.74.03,Semarang Timur,2025-07-01,ISPA,1043,72130,35.8,28.2,65.1,89.7,27.8,73.1,243.0,27.3,82.1,134.2,27.5,79.4,332.7,1094.0,1413.0,1299.0,1268.6666666666667,-319.0,2032.1799999999998,6557.07,7,-0.4999999999999997,-0.8660254037844388,0,151.6705947594621,2
33.74.03,Semarang Timur,2025-08-01,ISPA,1192,72130,141.2,27.8,70.4,35.8,28.2,65.1,89.7,27.8,73.1,243.0,27.3,82.1,125.5,1043.0,1094.0,1413.0,1183.3333333333333,-51.0,1835.8199999999997,2330.5799999999995,8,-0.8660254037844385,-0.5000000000000004,0,144.60002772771384,2
33.74.03,Semarang Timur,2025-09-01,ISPA,1242,72130,112.9,28.4,68.7,141.2,27.8,70.4,35.8,28.2,65.1,89.7,27.8,73.1,177.0,1192.0,1043.0,1094.0,1109.6666666666667,149.0,1957.1200000000001,9940.48,9,-1.0,-1.8369701987210297e-16,0,165.2571745459587,2
33.74.03,Semarang Timur,2025-10-01,ISPA,1134,72130,263.5,28.2,74.2,112.9,28.4,68.7,141.2,27.8,70.4,35.8,28.2,65.1,254.1,1242.0,1192.0,1043.0,1159.0,50.0,1951.08,7756.2300000000005,10,-0.8660254037844386,0.5000000000000001,1,172.18910300845695,2
33.74.03,Semarang Timur,2025-11-01,ISPA,1173,72130,173.1,27.3,80.1,263.5,28.2,74.2,112.9,28.4,68.7,141.2,27.8,70.4,376.4,1134.0,1242.0,1192.0,1189.3333333333333,-108.0,2092.44,19551.7,11,-0.5000000000000004,0.8660254037844384,1,157.2161375294607,2
33.74.03,Semarang Timur,2025-12-01,ISPA,1338,72130,176.6,27.0,82.8,173.1,27.3,80.1,263.5,28.2,74.2,112.9,28.4,68.7,436.6,1173.0,1134.0,1242.0,1183.0,39.0,2186.73,13865.309999999998,12,-2.4492935982947064e-16,1.0,0,162.62304173020937,2
33.74.04,Semarang Selatan,2025-04-01,ISPA,1294,70890,134.2,27.5,79.4,154.7,27.1,82.8,153.7,26.4,83.9,287.0,26.2,86.4,308.4,1567.0,150.0,443.0,720.0,1417.0,2243.88,12809.159999999998,4,0.8660254037844387,-0.4999999999999998,1,221.04669205811823,3
33.74.04,Semarang Selatan,2025-05-01,ISPA,1294,70890,243.0,27.3,82.1,134.2,27.5,79.4,154.7,27.1,82.8,153.7,26.4,83.9,288.9,1294.0,1567.0,150.0,1003.6666666666666,-273.0,2183.5,10655.48,5,0.49999999999999994,-0.8660254037844387,0,182.5363238820708,3
33.74.04,Semarang Selatan,2025-06-01,ISPA,1378,70890,89.7,27.8,73.1,243.0,27.3,82.1,134.2,27.5,79.4,154.7,27.1,82.8,377.2,1294.0,1294.0,1567.0,1385.0,0.0,2241.33,19950.3,6,1.2246467991473532e-16,-1.0,0,182.5363238820708,3
33.74.04,Semarang Selatan,2025-07-01,ISPA,1547,70890,35.8,28.2,65.1,89.7,27.8,73.1,243.0,27.3,82.1,134.2,27.5,79.4,332.7,1378.0,1294.0,1294.0,1322.0,84.0,2032.1799999999998,6557.07,7,-0.4999999999999997,-0.8660254037844388,0,194.38566793623923,3
33.74.04,Semarang Selatan,2025-08-01,ISPA,1774,70890,141.2,27.8,70.4,35.8,28.2,65.1,89.7,27.8,73.1,243.0,27.3,82.1,125.5,1547.0,1378.0,1294.0,1406.3333333333333,169.0,1835.8199999999997,2330.5799999999995,8,-0.8660254037844385,-0.5000000000000004,0,218.2254196642686,3
33.74.04,Semarang Selatan,2025-09-01,ISPA,1879,70890,112.9,28.4,68.7,141.2,27.8,70.4,35.8,28.2,65.1,89.7,27.8,73.1,177.0,1774.0,1547.0,1378.0,1566.3333333333333,227.0,1957.1200000000001,9940.48,9,-1.0,-1.8369701987210297e-16,0,250.24686133446187,3
33.74.04,Semarang Selatan,2025-10-01,ISPA,1709,70890,263.5,28.2,74.2,112.9,28.4,68.7,141.2,27.8,70.4,35.8,28.2,65.1,254.1,1879.0,1774.0,1547.0,1733.3333333333333,105.0,1951.08,7756.2300000000005,10,-0.8660254037844386,0.5000000000000001,1,265.0585414021724,3
33.74.04,Semarang Selatan,2025-11-01,ISPA,2038,70890,173.1,27.3,80.1,263.5,28.2,74.2,112.9,28.4,68.7,141.2,27.8,70.4,376.4,1709.0,1879.0,1774.0,1787.3333333333333,-170.0,2092.44,19551.7,11,-0.5000000000000004,0.8660254037844384,1,241.07772605445055,3
33.74.04,Semarang Selatan,2025-12-01,ISPA,1522,70890,176.6,27.0,82.8,173.1,27.3,80.1,263.5,28.2,74.2,112.9,28.4,68.7,436.6,2038.0,1709.0,1879.0,1875.3333333333333,329.0,2186.73,13865.309999999998,12,-2.4492935982947064e-16,1.0,0,287.48765693327687,3
33.74.05,Semarang Barat,2025-04-01,ISPA,2188,158726,134.2,27.7,79.4,154.7,27.3,82.9,153.7,26.6,83.9,287.0,26.5,86.4,308.4,2747.0,3007.0,2904.0,2886.0,-260.0,2263.17,12824.63,4,0.8660254037844387,-0.4999999999999998,1,173.0655343169991,4
33.74.05,Semarang Barat,2025-05-01,ISPA,2432,158726,243.0,27.5,82.1,134.2,27.7,79.4,154.7,27.3,82.9,153.7,26.6,83.9,288.9,2188.0,2747.0,3007.0,2647.3333333333335,-559.0,2199.38,10655.48,5,0.49999999999999994,-0.8660254037844387,0,137.8476116074241,4
33.74.05,Semarang Barat,2025-06-01,ISPA,2867,158726,89.7,28.0,73.1,243.0,27.5,82.1,134.2,27.7,79.4,154.7,27.3,82.9,377.2,2432.0,2188.0,2747.0,2455.6666666666665,244.0,2257.75,19950.3,6,1.2246467991473532e-16,-1.0,0,153.22001436437634,4
33.74.05,Semarang Barat,2025-07-01,ISPA,2761,158726,35.8,28.4,65.2,89.7,28.0,73.1,243.0,27.5,82.1,134.2,27.7,79.4,332.7,2867.0,2432.0,2188.0,2495.6666666666665,435.0,2046.7999999999997,6557.07,7,-0.4999999999999997,-0.8660254037844388,0,180.62573239418873,4
33.74.05,Semarang Barat,2025-08-01,ISPA,3371,158726,141.2,28.0,70.4,35.8,28.4,65.2,89.7,28.0,73.1,243.0,27.5,82.1,125.5,2761.0,2867.0,2432.0,2686.6666666666665,-106.0,1851.68,2334.16,8,-0.8660254037844385,-0.5000000000000004,0,173.94755742600455,4
33.74.05,Semarang Barat,2025-09-01,ISPA,3350,158726,112.9,28.6,68.8,141.2,28.0,70.4,35.8,28.4,65.2,89.7,28.0,73.1,177.0,3371.0,2761.0,2867.0,2999.6666666666665,610.0,1971.2000000000003,9940.48,9,-1.0,-1.8369701987210297e-16,0,212.37856431838514,4
33.74.05,Semarang Barat,2025-10-01,ISPA,3534,158726,263.5,28.5,74.2,112.9,28.6,68.8,141.2,28.0,70.4,35.8,28.4,65.2,254.1,3350.0,3371.0,2761.0,3160.6666666666665,-21.0,1967.68,7767.52,10,-0.8660254037844386,0.5000000000000001,1,211.05552965487698,4
33.74.05,Semarang Barat,2025-11-01,ISPA,4144,158726,173.1,27.6,80.1,263.5,28.5,74.2,112.9,28.6,68.8,141.2,28.0,70.4,376.4,3534.0,3350.0,3371.0,3418.3333333333335,184.0,2114.7000000000003,19551.7,11,-0.5000000000000004,0.8660254037844384,1,222.64783337323436,4
33.74.05,Semarang Barat,2025-12-01,ISPA,3452,158726,176.6,27.2,82.8,173.1,27.6,80.1,263.5,28.5,74.2,112.9,28.6,68.8,436.6,4144.0,3534.0,3350.0,3676.0,610.0,2210.7599999999998,13865.309999999998,12,-2.4492935982947064e-16,1.0,0,261.078840265615,4
33.74.06,Gayamsari,2025-04-01,ISPA,924,68900,134.2,27.5,79.4,154.7,27.1,82.8,153.7,26.4,83.9,287.0,26.2,86.4,308.4,913.0,1335.0,1175.0,1141.0,-422.0,2243.88,12809.159999999998,4,0.8660254037844387,-0.4999999999999998,1,132.51088534107402,5
33.74.06,Gayamsari,2025-05-01,ISPA,955,68900,243.0,27.3,82.1,134.2,27.5,79.4,154.7,27.1,82.8,153.7,26.4,83.9,288.9,924.0,913.0,1335.0,1057.3333333333333,11.0,2183.5,10655.48,5,0.49999999999999994,-0.8660254037844387,0,134.10740203193032,5
33.74.06,Gayamsari,2025-06-01,ISPA,1214,68900,89.7,27.8,73.1,243.0,27.3,82.1,134.2,27.5,79.4,154.7,27.1,82.8,377.2,955.0,924.0,913.0,930.6666666666666,31.0,2241.33,19950.3,6,1.2246467991473532e-16,-1.0,0,138.6066763425254,5
33.74.06,Gayamsari,2025-07-01,ISPA,1341,68900,35.8,28.2,65.1,89.7,27.8,73.1,243.0,27.3,82.1,134.2,27.5,79.4,332.7,1214.0,955.0,924.0,1031.0,259.0,2032.1799999999998,6557.07,7,-0.4999999999999997,-0.8660254037844388,0,176.19738751814225,5
33.74.06,Gayamsari,2025-08-01,ISPA,1529,68900,141.2,27.8,70.4,35.8,28.2,65.1,89.7,27.8,73.1,243.0,27.3,82.1,125.5,1341.0,1214.0,955.0,1170.0,127.0,1835.8199999999997,2330.5799999999995,8,-0.8660254037844385,-0.5000000000000004,0,194.62989840348334,5
33.74.06,Gayamsari,2025-09-01,ISPA,612,68900,112.9,28.4,68.7,141.2,27.8,70.4,35.8,28.2,65.1,89.7,27.8,73.1,177.0,1529.0,1341.0,1214.0,1361.3333333333333,188.0,1957.1200000000001,9940.48,9,-1.0,-1.8369701987210297e-16,0,221.9158200290276,5
33.74.06,Gayamsari,2025-10-01,ISPA,928,68900,263.5,28.2,74.2,112.9,28.4,68.7,141.2,27.8,70.4,35.8,28.2,65.1,254.1,612.0,1529.0,1341.0,1160.6666666666667,-917.0,1951.08,7756.2300000000005,10,-0.8660254037844386,0.5000000000000001,1,88.82438316400581,5
33.74.06,Gayamsari,2025-11-01,ISPA,1104,68900,173.1,27.3,80.1,263.5,28.2,74.2,112.9,28.4,68.7,141.2,27.8,70.4,376.4,928.0,612.0,1529.0,1023.0,316.0,2092.44,19551.7,11,-0.5000000000000004,0.8660254037844384,1,134.68795355587807,5
33.74.06,Gayamsari,2025-12-01,ISPA,1156,68900,176.6,27.0,82.8,173.1,27.3,80.1,263.5,28.2,74.2,112.9,28.4,68.7,436.6,1104.0,928.0,612.0,881.3333333333334,176.0,2186.73,13865.309999999998,12,-2.4492935982947064e-16,1.0,0,160.2322206095791,5
33.74.07,Candisari,2025-04-01,ISPA,1247,78420,134.2,27.5,79.4,154.7,27.1,82.8,153.7,26.4,83.9,287.0,26.2,86.4,308.4,1487.0,1590.0,1452.0,1509.6666666666667,-103.0,2243.88,12809.159999999998,4,0.8660254037844387,-0.4999999999999998,1,189.6199948992604,6
33.74.07,Candisari,2025-05-01,ISPA,1154,78420,243.0,27.3,82.1,134.2,27.5,79.4,154.7,27.1,82.8,153.7,26.4,83.9,288.9,1247.0,1487.0,1590.0,1441.3333333333333,-240.0,2183.5,10655.48,5,0.49999999999999994,-0.8660254037844387,0,159.0155572558021,6
33.74.07,Candisari,2025-06-01,ISPA,1594,78420,89.7,27.8,73.1,243.0,27.3,82.1,134.2,27.5,79.4,154.7,27.1,82.8,377.2,1154.0,1247.0,1487.0,1296.0,-93.0,2241.33,19950.3,6,1.2246467991473532e-16,-1.0,0,147.156337668962,6
33.74.07,Candisari,2025-07-01,ISPA,1393,78420,35.8,28.2,65.1,89.7,27.8,73.1,243.0,27.3,82.1,134.2,27.5,79.4,332.7,1594.0,1154.0,1247.0,1331.6666666666667,440.0,2032.1799999999998,6557.07,7,-0.4999999999999997,-0.8660254037844388,0,203.26447334863553,6
33.74.07,Candisari,2025-08-01,ISPA,1587,78420,141.2,27.8,70.4,35.8,28.2,65.1,89.7,27.8,73.1,243.0,27.3,82.1,125.5,1393.0,1594.0,1154.0,1380.3333333333333,-201.0,1835.8199999999997,2330.5799999999995,8,-0.8660254037844385,-0.5000000000000004,0,177.63325682223922,6
33.74.07,Candisari,2025-09-01,ISPA,1556,78420,112.9,28.4,68.7,141.2,27.8,70.4,35.8,28.2,65.1,89.7,27.8,73.1,177.0,1587.0,1393.0,1594.0,1524.6666666666667,194.0,1957.1200000000001,9940.48,9,-1.0,-1.8369701987210297e-16,0,202.371843917368,6
33.74.07,Candisari,2025-10-01,ISPA,1407,78420,263.5,28.2,74.2,112.9,28.4,68.7,141.2,27.8,70.4,35.8,28.2,65.1,254.1,1556.0,1587.0,1393.0,1512.0,-31.0,1951.08,7756.2300000000005,10,-0.8660254037844386,0.5000000000000001,1,198.41877072175464,6
33.74.07,Candisari,2025-11-01,ISPA,1563,78420,173.1,27.3,80.1,263.5,28.2,74.2,112.9,28.4,68.7,141.2,27.8,70.4,376.4,1407.0,1556.0,1587.0,1516.6666666666667,-149.0,2092.44,19551.7,11,-0.5000000000000004,0.8660254037844384,1,179.4185156847743,6
33.74.07,Candisari,2025-12-01,ISPA,1383,78420,176.6,27.0,82.8,173.1,27.3,80.1,263.5,28.2,74.2,112.9,28.4,68.7,436.6,1563.0,1407.0,1556.0,1508.6666666666667,156.0,2186.73,13865.309999999998,12,-2.4492935982947064e-16,1.0,0,199.3114001530222,6
33.74.08,Gajahmungkur,2025-04-01,ISPA,388,58310,134.2,27.5,79.4,154.7,27.1,82.8,153.7,26.4,83.9,287.0,26.2,86.4,308.4,513.0,0.0,0.0,171.0,513.0,2243.88,12809.159999999998,4,0.8660254037844387,-0.4999999999999998,1,87.97804836220202,7
33.74.08,Gajahmungkur,2025-05-01,ISPA,376,58310,243.0,27.3,82.1,134.2,27.5,79.4,154.7,27.1,82.8,153.7,26.4,83.9,288.9,388.0,513.0,0.0,300.3333333333333,-125.0,2183.5,10655.48,5,0.49999999999999994,-0.8660254037844387,0,66.54090207511577,7
33.74.08,Gajahmungkur,2025-06-01,ISPA,406,58310,89.7,27.8,73.1,243.0,27.3,82.1,134.2,27.5,79.4,154.7,27.1,82.8,377.2,376.0,388.0,513.0,425.6666666666667,-12.0,2241.33,19950.3,6,1.2246467991473532e-16,-1.0,0,64.48293603155548,7
33.74.08,Gajahmungkur,2025-07-01,ISPA,589,58310,35.8,28.2,65.1,89.7,27.8,73.1,243.0,27.3,82.1,134.2,27.5,79.4,332.7,406.0,376.0,388.0,390.0,30.0,2032.1799999999998,6557.07,7,-0.4999999999999997,-0.8660254037844388,0,69.62785114045619,7
33.74.08,Gajahmungkur,2025-08-01,ISPA,505,58310,141.2,27.8,70.4,35.8,28.2,65.1,89.7,27.8,73.1,243.0,27.3,82.1,125.5,589.0,406.0,376.0,457.0,183.0,1835.8199999999997,2330.5799999999995,8,-0.8660254037844385,-0.5000000000000004,0,101.01183330475047,7
33.74.08,Gajahmungkur,2025-09-01,ISPA,1147,58310,112.9,28.4,68.7,141.2,27.8,70.4,35.8,28.2,65.1,89.7,27.8,73.1,177.0,505.0,589.0,406.0,500.0,-84.0,1957.1200000000001,9940.48,9,-1.0,-1.8369701987210297e-16,0,86.6060709998285,7
33.74.08,Gajahmungkur,2025-10-01,ISPA,538,58310,263.5,28.2,74.2,112.9,28.4,68.7,141.2,27.8,70.4,35.8,28.2,65.1,254.1,1147.0,505.0,589.0,747.0,642.0,1951.08,7756.2300000000005,10,-0.8660254037844386,0.5000000000000001,1,196.70725433030356,7
33.74.08,Gajahmungkur,2025-11-01,ISPA,549,58310,173.1,27.3,80.1,263.5,28.2,74.2,112.9,28.4,68.7,141.2,27.8,70.4,376.4,538.0,1147.0,505.0,730.0,-609.0,2092.44,19551.7,11,-0.5000000000000004,0.8660254037844384,1,92.26547761961928,7
33.74.08,Gajahmungkur,2025-12-01,ISPA,473,58310,176.6,27.0,82.8,173.1,27.3,80.1,263.5,28.2,74.2,112.9,28.4,68.7,436.6,549.0,538.0,1147.0,744.6666666666666,11.0,2186.73,13865.309999999998,12,-2.4492935982947064e-16,1.0,0,94.15194649288286,7
33.74.09,Genuk,2025-04-01,ISPA,1074,112400,150.2,27.7,78.2,212.2,27.1,83.0,138.2,26.8,81.9,238.1,26.5,84.6,350.4,1369.0,1435.0,1160.0,1321.3333333333333,-66.0,2249.3,17612.6,4,0.8660254037844387,-0.4999999999999998,1,121.79715302491104,8
33.74.09,Genuk,2025-05-01,ISPA,1175,112400,270.2,27.1,83.3,150.2,27.7,78.2,212.2,27.1,83.0,138.2,26.8,81.9,362.4,1074.0,1369.0,1435.0,1292.6666666666667,-295.0,2166.14,11745.64,5,0.49999999999999994,-0.8660254037844387,0,95.55160142348754,8
33.74.09,Genuk,2025-06-01,ISPA,1305,112400,90.5,27.5,75.3,270.2,27.1,83.3,150.2,27.7,78.2,212.2,27.1,83.0,420.4,1175.0,1074.0,1369.0,1206.0,101.0,2257.43,22507.66,6,1.2246467991473532e-16,-1.0,0,104.5373665480427,8
33.74.09,Genuk,2025-07-01,ISPA,1171,112400,40.7,28.0,66.3,90.5,27.5,75.3,270.2,27.1,83.3,150.2,27.7,78.2,360.7,1305.0,1175.0,1074.0,1184.6666666666667,130.0,2070.75,6814.65,7,-0.4999999999999997,-0.8660254037844388,0,116.1032028469751,8
33.74.09,Genuk,2025-08-01,ISPA,1282,112400,141.4,27.7,70.9,40.7,28.0,66.3,90.5,27.5,75.3,270.2,27.1,83.3,131.2,1171.0,1305.0,1175.0,1217.0,-134.0,1856.3999999999999,2698.41,8,-0.8660254037844385,-0.5000000000000004,0,104.18149466192172,8
33.74.09,Genuk,2025-09-01,ISPA,1435,112400,125.5,28.3,68.8,141.4,27.7,70.9,40.7,28.0,66.3,90.5,27.5,75.3,182.10000000000002,1282.0,1171.0,1305.0,1252.6666666666667,111.0,1963.93,10025.260000000002,9,-1.0,-1.8369701987210297e-16,0,114.05693950177935,8
33.74.09,Genuk,2025-10-01,ISPA,983,112400,299.4,28.3,73.7,125.5,28.3,68.8,141.4,27.7,70.9,40.7,28.0,66.3,266.9,1435.0,1282.0,1171.0,1296.0,153.0,1947.04,8634.4,10,-0.8660254037844386,0.5000000000000001,1,127.66903914590746,8
33.74.09,Genuk,2025-11-01,ISPA,1228,112400,251.2,27.1,82.4,299.4,28.3,73.7,125.5,28.3,68.8,141.4,27.7,70.9,424.9,983.0,1435.0,1282.0,1233.3333333333333,-452.0,2085.71,22065.78,11,-0.5000000000000004,0.8660254037844384,1,87.45551601423489,8
33.74.09,Genuk,2025-12-01,ISPA,1308,112400,173.5,26.9,83.4,251.2,27.1,82.4,299.4,28.3,73.7,125.5,28.3,68.8,550.5999999999999,1228.0,983.0,1435.0,1215.3333333333333,245.0,2233.0400000000004,20698.88,12,-2.4492935982947064e-16,1.0,0,109.2526690391459,8
33.74.10,Pedurungan,2025-04-01,ISPA,5267,192500,150.2,27.9,78.3,212.2,27.3,83.0,138.2,27.0,82.0,238.1,26.7,84.6,350.4,5687.0,4670.0,5241.0,5199.333333333333,1017.0,2265.9,17612.6,4,0.8660254037844387,-0.4999999999999998,1,295.4285714285714,9
33.74.10,Pedurungan,2025-05-01,ISPA,5887,192500,270.2,27.3,83.3,150.2,27.9,78.3,212.2,27.3,83.0,138.2,27.0,82.0,362.4,5267.0,5687.0,4670.0,5208.0,-420.0,2184.5699999999997,11760.659999999998,5,0.49999999999999994,-0.8660254037844387,0,273.61038961038963,9
33.74.10,Pedurungan,2025-06-01,ISPA,6575,192500,90.5,27.7,75.3,270.2,27.3,83.3,150.2,27.9,78.3,212.2,27.3,83.0,420.4,5887.0,5267.0,5687.0,5613.666666666667,620.0,2274.09,22507.66,6,1.2246467991473532e-16,-1.0,0,305.8181818181818,9
33.74.10,Pedurungan,2025-07-01,ISPA,2217,192500,40.7,28.1,66.3,90.5,27.7,75.3,270.2,27.3,83.3,150.2,27.9,78.3,360.7,6575.0,5887.0,5267.0,5909.666666666667,688.0,2085.81,6814.65,7,-0.4999999999999997,-0.8660254037844388,0,341.55844155844153,9
33.74.10,Pedurungan,2025-08-01,ISPA,5922,192500,141.4,27.8,70.9,40.7,28.1,66.3,90.5,27.7,75.3,270.2,27.3,83.3,131.2,2217.0,6575.0,5887.0,4893.0,-4358.0,1863.03,2698.41,8,-0.8660254037844385,-0.5000000000000004,0,115.16883116883116,9
33.74.10,Pedurungan,2025-09-01,ISPA,6821,192500,125.5,28.5,68.8,141.4,27.8,70.9,40.7,28.1,66.3,90.5,27.7,75.3,182.10000000000002,5922.0,2217.0,6575.0,4904.666666666667,3705.0,1971.0200000000002,10025.260000000002,9,-1.0,-1.8369701987210297e-16,0,307.6363636363636,9
33.74.10,Pedurungan,2025-10-01,ISPA,7107,192500,299.4,28.5,73.8,125.5,28.5,68.8,141.4,27.8,70.9,40.7,28.1,66.3,266.9,6821.0,5922.0,2217.0,4986.666666666667,899.0,1960.8,8634.4,10,-0.8660254037844386,0.5000000000000001,1,354.3376623376623,9
33.74.10,Pedurungan,2025-11-01,ISPA,4908,192500,251.2,27.2,82.4,299.4,28.5,73.8,125.5,28.5,68.8,141.4,27.8,70.9,424.9,7107.0,6821.0,5922.0,6616.666666666667,286.0,2103.2999999999997,22095.719999999998,11,-0.5000000000000004,0.8660254037844384,1,369.1948051948052,9
33.74.10,Pedurungan,2025-12-01,ISPA,2721,192500,173.5,27.1,83.4,251.2,27.2,82.4,299.4,28.5,73.8,125.5,28.5,68.8,550.5999999999999,4908.0,7107.0,6821.0,6278.666666666667,-2199.0,2241.28,20698.88,12,-2.4492935982947064e-16,1.0,0,254.96103896103895,9
33.74.11,Tembalang,2025-04-01,ISPA,2181,185400,214.8,26.2,82.5,277.3,26.0,85.1,252.1,25.6,85.0,381.7,25.3,87.9,529.4,2199.0,1297.0,2113.0,1869.6666666666667,902.0,2212.6,23598.23,4,0.8660254037844387,-0.4999999999999998,1,118.6084142394822,10
33.74.11,Tembalang,2025-05-01,ISPA,2005,185400,301.8,26.1,84.6,214.8,26.2,82.5,277.3,26.0,85.1,252.1,25.6,85.0,492.1,2181.0,2199.0,1297.0,1892.3333333333333,-18.0,2161.5,17721.0,5,0.49999999999999994,-0.8660254037844387,0,117.63754045307444,10
33.74.11,Tembalang,2025-06-01,ISPA,3732,185400,87.1,26.4,77.4,301.8,26.1,84.6,214.8,26.2,82.5,277.3,26.0,85.1,516.6,2005.0,2181.0,2199.0,2128.3333333333335,-176.0,2208.06,25532.28,6,1.2246467991473532e-16,-1.0,0,108.1445523193096,10
33.74.11,Tembalang,2025-07-01,ISPA,5847,185400,48.5,26.8,69.8,87.1,26.4,77.4,301.8,26.1,84.6,214.8,26.2,82.5,388.9,3732.0,2005.0,2181.0,2639.3333333333335,1727.0,2043.3600000000001,6741.54,7,-0.4999999999999997,-0.8660254037844388,0,201.29449838187705,10
33.74.11,Tembalang,2025-08-01,ISPA,4135,185400,147.1,26.7,72.7,48.5,26.8,69.8,87.1,26.4,77.4,301.8,26.1,84.6,135.6,5847.0,3732.0,2005.0,3861.3333333333335,2115.0,1870.6399999999999,3385.2999999999997,8,-0.8660254037844385,-0.5000000000000004,0,315.37216828478967,10
33.74.11,Tembalang,2025-09-01,ISPA,5186,185400,97.3,27.4,70.2,147.1,26.7,72.7,48.5,26.8,69.8,87.1,26.4,77.4,195.6,4135.0,5847.0,3732.0,4571.333333333333,-1712.0,1941.09,10694.17,9,-1.0,-1.8369701987210297e-16,0,223.03128371089537,10
33.74.11,Tembalang,2025-10-01,ISPA,5087,185400,310.5,27.4,74.7,97.3,27.4,70.2,147.1,26.7,72.7,48.5,26.8,69.8,244.39999999999998,5186.0,4135.0,5847.0,5056.0,1051.0,1923.48,6830.46,10,-0.8660254037844386,0.5000000000000001,1,279.7195253505933,10
33.74.11,Tembalang,2025-11-01,ISPA,4139,185400,288.4,26.1,84.0,310.5,27.4,74.7,97.3,27.4,70.2,147.1,26.7,72.7,407.8,5087.0,5186.0,4135.0,4802.666666666667,-99.0,2046.78,23194.350000000002,11,-0.5000000000000004,0.8660254037844384,1,274.3797195253506,10
33.74.11,Tembalang,2025-12-01,ISPA,3869,185400,319.5,25.9,85.7,288.4,26.1,84.0,310.5,27.4,74.7,97.3,27.4,70.2,598.9,4139.0,5087.0,5186.0,4804.0,-948.0,2192.4,24225.6,12,-2.4492935982947064e-16,1.0,0,223.2470334412082,10
33.74.12,Banyumanik,2025-04-01,ISPA,2201,142100,214.8,26.2,82.5,277.3,26.0,85.1,252.1,25.6,85.0,381.7,25.3,87.9,529.4,2073.0,2522.0,2599.0,2398.0,-449.0,2212.6,23598.23,4,0.8660254037844387,-0.4999999999999998,1,145.8831808585503,11
33.74.12,Banyumanik,2025-05-01,ISPA,1730,142100,301.8,26.1,84.6,214.8,26.2,82.5,277.3,26.0,85.1,252.1,25.6,85.0,492.1,2201.0,2073.0,2522.0,2265.3333333333335,128.0,2161.5,17721.0,5,0.49999999999999994,-0.8660254037844387,0,154.8909218859958,11
33.74.12,Banyumanik,2025-06-01,ISPA,1991,142100,87.1,26.4,77.4,301.8,26.1,84.6,214.8,26.2,82.5,277.3,26.0,85.1,516.6,1730.0,2201.0,2073.0,2001.3333333333333,-471.0,2208.06,25532.28,6,1.2246467991473532e-16,-1.0,0,121.74524982406756,11
33.74.12,Banyumanik,2025-07-01,ISPA,2759,142100,48.5,26.8,69.8,87.1,26.4,77.4,301.8,26.1,84.6,214.8,26.2,82.5,388.9,1991.0,1730.0,2201.0,1974.0,261.0,2043.3600000000001,6741.54,7,-0.4999999999999997,-0.8660254037844388,0,140.11259676284305,11
33.74.12,Banyumanik,2025-08-01,ISPA,3089,142100,147.1,26.7,72.7,48.5,26.8,69.8,87.1,26.4,77.4,301.8,26.1,84.6,135.6,2759.0,1991.0,1730.0,2160.0,768.0,1870.6399999999999,3385.2999999999997,8,-0.8660254037844385,-0.5000000000000004,0,194.15904292751586,11
33.74.12,Banyumanik,2025-09-01,ISPA,3427,142100,97.3,27.4,70.2,147.1,26.7,72.7,48.5,26.8,69.8,87.1,26.4,77.4,195.6,3089.0,2759.0,1991.0,2613.0,330.0,1941.09,10694.17,9,-1.0,-1.8369701987210297e-16,0,217.38212526389864,11
33.74.12,Banyumanik,2025-10-01,ISPA,3112,142100,310.5,27.4,74.7,97.3,27.4,70.2,147.1,26.7,72.7,48.5,26.8,69.8,244.39999999999998,3427.0,3089.0,2759.0,3091.6666666666665,338.0,1923.48,6830.46,10,-0.8660254037844386,0.5000000000000001,1,241.16819141449682,11
33.74.12,Banyumanik,2025-11-01,ISPA,3681,142100,288.4,26.1,84.0,310.5,27.4,74.7,97.3,27.4,70.2,147.1,26.7,72.7,407.8,3112.0,3427.0,3089.0,3209.3333333333335,-315.0,2046.78,23194.350000000002,11,-0.5000000000000004,0.8660254037844384,1,219.0007037297678,11
33.74.12,Banyumanik,2025-12-01,ISPA,3063,142100,319.5,25.9,85.7,288.4,26.1,84.0,310.5,27.4,74.7,97.3,27.4,70.2,598.9,3681.0,3112.0,3427.0,3406.6666666666665,569.0,2192.4,24225.6,12,-2.4492935982947064e-16,1.0,0,259.0429275158339,11
33.74.13,Gunungpati,2025-04-01,ISPA,669,98200,341.4,25.0,84.9,400.4,24.9,86.9,389.6,24.4,87.9,621.9,24.2,89.4,790.0,879.0,937.0,898.0,904.6666666666666,-58.0,2163.81,34794.76,4,0.8660254037844387,-0.4999999999999998,1,89.5112016293279,12
33.74.13,Gunungpati,2025-05-01,ISPA,837,98200,411.4,25.1,86.1,341.4,25.0,84.9,400.4,24.9,86.9,389.6,24.4,87.9,741.8,669.0,879.0,937.0,828.3333333333334,-210.0,2122.5,28984.86,5,0.49999999999999994,-0.8660254037844387,0,68.12627291242363,12
33.74.13,Gunungpati,2025-06-01,ISPA,698,98200,133.4,25.3,79.8,411.4,25.1,86.1,341.4,25.0,84.9,400.4,24.9,86.9,752.8,837.0,669.0,879.0,795.0,168.0,2161.11,35421.53999999999,6,1.2246467991473532e-16,-1.0,0,85.23421588594704,12
33.74.13,Gunungpati,2025-07-01,ISPA,1003,98200,68.5,25.5,72.7,133.4,25.3,79.8,411.4,25.1,86.1,341.4,25.0,84.9,544.8,698.0,837.0,669.0,734.6666666666666,-139.0,2018.94,10645.32,7,-0.4999999999999997,-0.8660254037844388,0,71.07942973523421,12
33.74.13,Gunungpati,2025-08-01,ISPA,943,98200,150.6,25.3,75.7,68.5,25.5,72.7,133.4,25.3,79.8,411.4,25.1,86.1,201.9,1003.0,698.0,837.0,846.0,305.0,1853.8500000000001,4979.95,8,-0.8660254037844385,-0.5000000000000004,0,102.13849287169043,12
33.74.13,Gunungpati,2025-09-01,ISPA,1489,98200,145.8,26.0,73.1,150.6,25.3,75.7,68.5,25.5,72.7,133.4,25.3,79.8,219.1,943.0,1003.0,698.0,881.3333333333334,-60.0,1915.21,11400.42,9,-1.0,-1.8369701987210297e-16,0,96.02851323828921,12
33.74.13,Gunungpati,2025-10-01,ISPA,1064,98200,337.6,26.0,77.4,145.8,26.0,73.1,150.6,25.3,75.7,68.5,25.5,72.7,296.4,1489.0,943.0,1003.0,1145.0,546.0,1900.6,10657.98,10,-0.8660254037844386,0.5000000000000001,1,151.62932790224033,12
33.74.13,Gunungpati,2025-11-01,ISPA,1214,98200,409.6,25.1,83.9,337.6,26.0,77.4,145.8,26.0,73.1,150.6,25.3,75.7,483.40000000000003,1064.0,1489.0,943.0,1165.3333333333333,-425.0,2012.4,26130.240000000005,11,-0.5000000000000004,0.8660254037844384,1,108.35030549898168,12
33.74.13,Gunungpati,2025-12-01,ISPA,1082,98200,421.8,24.9,86.4,409.6,25.1,83.9,337.6,26.0,77.4,145.8,26.0,73.1,747.2,1214.0,1064.0,1489.0,1255.6666666666667,150.0,2105.8900000000003,34365.44,12,-2.4492935982947064e-16,1.0,0,123.62525458248473,12
33.74.14,Mijen,2025-04-01,ISPA,1374,78900,315.0,25.5,86.2,381.5,25.4,88.0,417.5,24.8,89.5,566.4,24.8,90.3,799.0,1437.0,1629.0,1777.0,1614.3333333333333,-192.0,2235.2,33572.0,4,0.8660254037844387,-0.4999999999999998,1,182.12927756653994,13
33.74.14,Mijen,2025-05-01,ISPA,1424,78900,384.8,25.6,87.3,315.0,25.5,86.2,381.5,25.4,88.0,417.5,24.8,89.5,696.5,1374.0,1437.0,1629.0,1480.0,-63.0,2198.1,27153.0,5,0.49999999999999994,-0.8660254037844387,0,174.1444866920152,13
33.74.14,Mijen,2025-06-01,ISPA,1645,78900,156.4,25.9,80.9,384.8,25.6,87.3,315.0,25.5,86.2,381.5,25.4,88.0,699.8,1424.0,1374.0,1437.0,1411.6666666666667,50.0,2234.88,33593.04,6,1.2246467991473532e-16,-1.0,0,180.48162230671736,13
33.74.14,Mijen,2025-07-01,ISPA,1957,78900,65.0,26.0,73.8,156.4,25.9,80.9,384.8,25.6,87.3,315.0,25.5,86.2,541.2,1645.0,1424.0,1374.0,1481.0,221.0,2095.31,12652.760000000002,7,-0.4999999999999997,-0.8660254037844388,0,208.49176172370088,13
33.74.14,Mijen,2025-08-01,ISPA,2183,78900,128.1,25.9,76.7,65.0,26.0,73.8,156.4,25.9,80.9,384.8,25.6,87.3,221.4,1957.0,1645.0,1424.0,1675.3333333333333,312.0,1918.8,4797.0,8,-0.8660254037844385,-0.5000000000000004,0,248.03548795944232,13
33.74.14,Mijen,2025-09-01,ISPA,2148,78900,185.1,26.5,74.7,128.1,25.9,76.7,65.0,26.0,73.8,156.4,25.9,80.9,193.1,2183.0,1957.0,1645.0,1928.3333333333333,226.0,1986.53,9825.27,9,-1.0,-1.8369701987210297e-16,0,276.6793409378961,13
33.74.14,Mijen,2025-10-01,ISPA,1869,78900,325.5,26.6,78.1,185.1,26.5,74.7,128.1,25.9,76.7,65.0,26.0,73.8,313.2,2148.0,2183.0,1957.0,2096.0,-35.0,1979.5500000000002,13826.97,10,-0.8660254037844386,0.5000000000000001,1,272.24334600760454,13
33.74.14,Mijen,2025-11-01,ISPA,2053,78900,358.9,25.7,83.8,325.5,26.6,78.1,185.1,26.5,74.7,128.1,25.9,76.7,510.6,1869.0,2148.0,2183.0,2066.6666666666665,-279.0,2077.46,25421.55,11,-0.5000000000000004,0.8660254037844384,1,236.88212927756652,13
33.74.14,Mijen,2025-12-01,ISPA,1668,78900,431.6,25.4,86.6,358.9,25.7,83.8,325.5,26.6,78.1,185.1,26.5,74.7,684.4,2053.0,1869.0,2148.0,2023.3333333333333,184.0,2153.66,30075.819999999996,12,-2.4492935982947064e-16,1.0,0,260.20278833967046,13
33.74.15,Ngaliyan,2025-04-01,ISPA,1840,145800,138.8,26.9,80.3,187.8,26.6,83.8,198.0,25.9,85.4,388.8,25.8,86.9,385.8,1653.0,1823.0,1512.0,1662.6666666666667,-170.0,2229.08,15737.640000000001,4,0.8660254037844387,-0.4999999999999998,1,113.37448559670781,14
33.74.15,Ngaliyan,2025-05-01,ISPA,1491,145800,202.9,26.9,82.1,138.8,26.9,80.3,187.8,26.6,83.8,198.0,25.9,85.4,326.6,1840.0,1653.0,1823.0,1772.0,187.0,2160.0699999999997,11145.640000000001,5,0.49999999999999994,-0.8660254037844387,0,126.2002743484225,14
33.74.15,Ngaliyan,2025-06-01,ISPA,2762,145800,95.9,27.5,73.1,202.9,26.9,82.1,138.8,26.9,80.3,187.8,26.6,83.8,341.70000000000005,1491.0,1840.0,1653.0,1661.3333333333333,-349.0,2208.49,16658.09,6,1.2246467991473532e-16,-1.0,0,102.2633744855967,14
33.74.15,Ngaliyan,2025-07-01,ISPA,2675,145800,40.0,27.9,64.9,95.9,27.5,73.1,202.9,26.9,82.1,138.8,26.9,80.3,298.8,2762.0,1491.0,1840.0,2031.0,1271.0,2010.2499999999998,7010.29,7,-0.4999999999999997,-0.8660254037844388,0,189.43758573388203,14
33.74.15,Ngaliyan,2025-08-01,ISPA,2520,145800,103.1,27.2,71.6,40.0,27.9,64.9,95.9,27.5,73.1,202.9,26.9,82.1,135.9,2675.0,2762.0,1491.0,2309.3333333333335,-87.0,1810.71,2596.0,8,-0.8660254037844385,-0.5000000000000004,0,183.47050754458164,14
33.74.15,Ngaliyan,2025-09-01,ISPA,2943,145800,127.1,27.8,69.7,103.1,27.2,71.6,40.0,27.9,64.9,95.9,27.5,73.1,143.1,2520.0,2675.0,2762.0,2652.3333333333335,-155.0,1947.5199999999998,7381.959999999999,9,-1.0,-1.8369701987210297e-16,0,172.8395061728395,14
33.74.15,Ngaliyan,2025-10-01,ISPA,2979,145800,290.3,27.7,75.3,127.1,27.8,69.7,103.1,27.2,71.6,40.0,27.9,64.9,230.2,2943.0,2520.0,2675.0,2712.6666666666665,423.0,1937.66,8858.87,10,-0.8660254037844386,0.5000000000000001,1,201.85185185185185,14
33.74.15,Ngaliyan,2025-11-01,ISPA,2813,145800,242.4,26.8,81.9,290.3,27.7,75.3,127.1,27.8,69.7,103.1,27.2,71.6,417.4,2979.0,2943.0,2520.0,2814.0,36.0,2085.81,21859.59,11,-0.5000000000000004,0.8660254037844384,1,204.320987654321,14
33.74.15,Ngaliyan,2025-12-01,ISPA,2377,145800,289.2,26.5,84.3,242.4,26.8,81.9,290.3,27.7,75.3,127.1,27.8,69.7,532.7,2813.0,2979.0,2943.0,2911.6666666666665,-166.0,2194.92,19852.56,12,-2.4492935982947064e-16,1.0,0,192.9355281207133,14
33.74.16,Tugu,2025-04-01,ISPA,1309,32100,138.8,27.6,80.4,187.8,27.3,83.9,198.0,26.6,85.5,388.8,26.5,87.0,385.8,1598.0,1624.0,1761.0,1661.0,-26.0,2290.4700000000003,15756.420000000002,4,0.8660254037844387,-0.4999999999999998,1,497.8193146417446,15
33.74.16,Tugu,2025-05-01,ISPA,1367,32100,202.9,27.6,82.3,138.8,27.6,80.4,187.8,27.3,83.9,198.0,26.6,85.5,326.6,1309.0,1598.0,1624.0,1510.3333333333333,-289.0,2219.0400000000004,11159.520000000002,5,0.49999999999999994,-0.8660254037844387,0,407.7881619937695,15
33.74.16,Tugu,2025-06-01,ISPA,1509,32100,95.9,28.2,73.2,202.9,27.6,82.3,138.8,27.6,80.4,187.8,27.3,83.9,341.70000000000005,1367.0,1309.0,1598.0,1424.6666666666667,58.0,2271.48,16698.67,6,1.2246467991473532e-16,-1.0,0,425.85669781931466,15
33.74.16,Tugu,2025-07-01,ISPA,1690,32100,40.0,28.6,65.0,95.9,28.2,73.2,202.9,27.6,82.3,138.8,27.6,80.4,298.8,1509.0,1367.0,1309.0,1395.0,142.0,2064.2400000000002,7019.880000000001,7,-0.4999999999999997,-0.8660254037844388,0,470.0934579439253,15
33.74.16,Tugu,2025-08-01,ISPA,2036,32100,103.1,27.9,71.7,40.0,28.6,65.0,95.9,28.2,73.2,202.9,27.6,82.3,135.9,1690.0,1509.0,1367.0,1522.0,181.0,1859.0,2600.0,8,-0.8660254037844385,-0.5000000000000004,0,526.4797507788162,15
33.74.16,Tugu,2025-09-01,ISPA,2028,32100,127.1,28.5,69.9,103.1,27.9,71.7,40.0,28.6,65.0,95.9,28.2,73.2,143.1,2036.0,1690.0,1509.0,1745.0,346.0,2000.43,7392.2699999999995,9,-1.0,-1.8369701987210297e-16,0,634.2679127725858,15
33.74.16,Tugu,2025-10-01,ISPA,1971,32100,290.3,28.4,75.5,127.1,28.5,69.9,103.1,27.9,71.7,40.0,28.6,65.0,230.2,2028.0,2036.0,1690.0,1918.0,-8.0,1992.15,8884.29,10,-0.8660254037844386,0.5000000000000001,1,631.7757009345794,15
33.74.16,Tugu,2025-11-01,ISPA,2100,32100,242.4,27.5,82.0,290.3,28.4,75.5,127.1,28.5,69.9,103.1,27.9,71.7,417.4,1971.0,2028.0,2036.0,2011.6666666666667,-57.0,2144.2,21917.65,11,-0.5000000000000004,0.8660254037844384,1,614.018691588785,15
33.74.16,Tugu,2025-12-01,ISPA,1685,32100,289.2,27.2,84.4,242.4,27.5,82.0,290.3,28.4,75.5,127.1,28.5,69.9,532.7,2100.0,1971.0,2028.0,2033.0,129.0,2255.0,19876.8,12,-2.4492935982947064e-16,1.0,0,654.2056074766355,15
