kecamatan_id,kecamatan_nama,week_start,disease,cases,population,rainfall_mm,temp_mean_c,humidity_pct
33.74.01,Semarang Tengah,2025-01-06,ISPA,240,62540,57.0,26.6,84.7
33.74.02,Semarang Utara,2025-01-06,ISPA,453,128450,57.0,26.8,84.7
33.74.03,Semarang Timur,2025-01-06,ISPA,391,72130,57.0,26.6,84.7
33.74.04,Semarang Selatan,2025-01-06,ISPA,111,70890,57.0,26.6,84.7
33.74.05,Semarang Barat,2025-01-06,ISPA,726,158726,57.0,26.8,84.7
33.74.06,Gayamsari,2025-01-06,ISPA,294,68900,57.0,26.6,84.7
33.74.07,Candisari,2025-01-06,ISPA,363,78420,57.0,26.6,84.7
33.74.08,Gajahmungkur,2025-01-06,ISPA,0,58310,57.0,26.6,84.7
33.74.09,Genuk,2025-01-06,ISPA,290,112400,47.1,26.9,82.0
33.74.10,Pedurungan,2025-01-06,ISPA,1310,192500,47.1,27.1,82.0
33.74.11,Tembalang,2025-01-06,ISPA,528,185400,77.7,25.7,86.4
33.74.12,Banyumanik,2025-01-06,ISPA,650,142100,77.7,25.7,86.4
33.74.13,Gunungpati,2025-01-06,ISPA,224,98200,111.0,24.6,87.9
33.74.14,Mijen,2025-01-06,ISPA,444,78900,122.0,25.2,88.3
33.74.15,Ngaliyan,2025-01-06,ISPA,378,145800,65.2,26.2,84.7
33.74.16,Tugu,2025-01-06,ISPA,440,32100,65.2,26.9,84.9
33.74.01,Semarang Tengah,2025-01-13,ISPA,240,62540,54.5,26.6,85.7
33.74.02,Semarang Utara,2025-01-13,ISPA,453,128450,54.5,26.8,85.7
33.74.03,Semarang Timur,2025-01-13,ISPA,391,72130,54.5,26.6,85.7
33.74.04,Semarang Selatan,2025-01-13,ISPA,111,70890,54.5,26.6,85.7
33.74.05,Semarang Barat,2025-01-13,ISPA,726,158726,54.5,26.8,85.7
33.74.06,Gayamsari,2025-01-13,ISPA,294,68900,54.5,26.6,85.7
33.74.07,Candisari,2025-01-13,ISPA,363,78420,54.5,26.6,85.7
33.74.08,Gajahmungkur,2025-01-13,ISPA,0,58310,54.5,26.6,85.7
33.74.09,Genuk,2025-01-13,ISPA,290,112400,24.2,27.1,82.3
33.74.10,Pedurungan,2025-01-13,ISPA,1310,192500,24.2,27.2,82.3
33.74.11,Tembalang,2025-01-13,ISPA,528,185400,91.4,25.6,88.0
33.74.12,Banyumanik,2025-01-13,ISPA,650,142100,91.4,25.6,88.0
33.74.13,Gunungpati,2025-01-13,ISPA,224,98200,141.4,24.5,88.3
33.74.14,Mijen,2025-01-13,ISPA,444,78900,129.0,24.9,89.7
33.74.15,Ngaliyan,2025-01-13,ISPA,378,145800,92.6,26.1,86.4
33.74.16,Tugu,2025-01-13,ISPA,440,32100,92.6,26.8,86.7
33.74.01,Semarang Tengah,2025-01-20,ISPA,240,62540,68.4,26.2,87.9
33.74.02,Semarang Utara,2025-01-20,ISPA,453,128450,68.4,26.5,87.9
33.74.03,Semarang Timur,2025-01-20,ISPA,391,72130,68.4,26.2,87.9
33.74.04,Semarang Selatan,2025-01-20,ISPA,111,70890,68.4,26.2,87.9
33.74.05,Semarang Barat,2025-01-20,ISPA,726,158726,68.4,26.5,87.9
33.74.06,Gayamsari,2025-01-20,ISPA,294,68900,68.4,26.2,87.9
33.74.07,Candisari,2025-01-20,ISPA,363,78420,68.4,26.2,87.9
33.74.08,Gajahmungkur,2025-01-20,ISPA,0,58310,68.4,26.2,87.9
33.74.09,Genuk,2025-01-20,ISPA,290,112400,72.8,26.4,86.7
33.74.10,Pedurungan,2025-01-20,ISPA,1310,192500,72.8,26.6,86.7
33.74.11,Tembalang,2025-01-20,ISPA,528,185400,85.2,25.4,88.7
33.74.12,Banyumanik,2025-01-20,ISPA,650,142100,85.2,25.4,88.7
33.74.13,Gunungpati,2025-01-20,ISPA,224,98200,149.8,24.3,90.6
33.74.14,Mijen,2025-01-20,ISPA,444,78900,148.8,24.8,91.1
33.74.15,Ngaliyan,2025-01-20,ISPA,378,145800,78.4,25.8,88.6
33.74.16,Tugu,2025-01-20,ISPA,440,32100,78.4,26.5,88.6
33.74.01,Semarang Tengah,2025-01-27,ISPA,240,62540,83.1,25.7,86.0
33.74.02,Semarang Utara,2025-01-27,ISPA,453,128450,83.1,25.9,86.0
33.74.03,Semarang Timur,2025-01-27,ISPA,391,72130,83.1,25.7,86.0
33.74.04,Semarang Selatan,2025-01-27,ISPA,111,70890,83.1,25.7,86.0
33.74.05,Semarang Barat,2025-01-27,ISPA,726,158726,83.1,25.9,86.0
33.74.06,Gayamsari,2025-01-27,ISPA,294,68900,83.1,25.7,86.0
33.74.07,Candisari,2025-01-27,ISPA,363,78420,83.1,25.7,86.0
33.74.08,Gajahmungkur,2025-01-27,ISPA,0,58310,83.1,25.7,86.0
33.74.09,Genuk,2025-01-27,ISPA,290,112400,75.2,25.9,85.6
33.74.10,Pedurungan,2025-01-27,ISPA,1310,192500,75.2,26.0,85.7
33.74.11,Tembalang,2025-01-27,ISPA,528,185400,68.5,24.9,87.0
33.74.12,Banyumanik,2025-01-27,ISPA,650,142100,68.5,24.9,87.0
33.74.13,Gunungpati,2025-01-27,ISPA,224,98200,113.9,23.6,90.9
33.74.14,Mijen,2025-01-27,ISPA,444,78900,102.2,24.1,93.1
33.74.15,Ngaliyan,2025-01-27,ISPA,378,145800,102.1,25.2,87.7
33.74.16,Tugu,2025-01-27,ISPA,440,32100,102.1,25.9,87.9
33.74.01,Semarang Tengah,2025-02-03,ISPA,226,62540,24.4,26.6,81.7
33.74.02,Semarang Utara,2025-02-03,ISPA,556,128450,24.4,26.8,81.7
33.74.03,Semarang Timur,2025-02-03,ISPA,356,72130,24.4,26.6,81.7
33.74.04,Semarang Selatan,2025-02-03,ISPA,38,70890,24.4,26.6,81.7
33.74.05,Semarang Barat,2025-02-03,ISPA,752,158726,24.4,26.8,81.7
33.74.06,Gayamsari,2025-02-03,ISPA,334,68900,24.4,26.6,81.7
33.74.07,Candisari,2025-02-03,ISPA,398,78420,24.4,26.6,81.7
33.74.08,Gajahmungkur,2025-02-03,ISPA,0,58310,24.4,26.6,81.7
33.74.09,Genuk,2025-02-03,ISPA,359,112400,22.7,26.9,80.6
33.74.10,Pedurungan,2025-02-03,ISPA,1168,192500,22.7,27.1,80.6
33.74.11,Tembalang,2025-02-03,ISPA,324,185400,34.1,25.9,82.1
33.74.12,Banyumanik,2025-02-03,ISPA,630,142100,34.1,25.9,82.1
33.74.13,Gunungpati,2025-02-03,ISPA,234,98200,69.2,24.6,86.3
33.74.14,Mijen,2025-02-03,ISPA,407,78900,102.3,24.9,89.1
33.74.15,Ngaliyan,2025-02-03,ISPA,456,145800,35.8,26.0,83.6
33.74.16,Tugu,2025-02-03,ISPA,406,32100,35.8,26.7,83.7
33.74.01,Semarang Tengah,2025-02-10,ISPA,226,62540,21.9,26.7,82.4
33.74.02,Semarang Utara,2025-02-10,ISPA,556,128450,21.9,27.0,82.4
33.74.03,Semarang Timur,2025-02-10,ISPA,356,72130,21.9,26.7,82.4
33.74.04,Semarang Selatan,2025-02-10,ISPA,38,70890,21.9,26.7,82.4
33.74.05,Semarang Barat,2025-02-10,ISPA,752,158726,21.9,27.0,82.4
33.74.06,Gayamsari,2025-02-10,ISPA,334,68900,21.9,26.7,82.4
33.74.07,Candisari,2025-02-10,ISPA,398,78420,21.9,26.7,82.4
33.74.08,Gajahmungkur,2025-02-10,ISPA,0,58310,21.9,26.7,82.4
33.74.09,Genuk,2025-02-10,ISPA,359,112400,17.5,27.1,80.3
33.74.10,Pedurungan,2025-02-10,ISPA,1168,192500,17.5,27.3,80.6
33.74.11,Tembalang,2025-02-10,ISPA,324,185400,44.6,25.9,83.7
33.74.12,Banyumanik,2025-02-10,ISPA,630,142100,44.6,25.9,83.7
33.74.13,Gunungpati,2025-02-10,ISPA,234,98200,65.7,24.7,84.9
33.74.14,Mijen,2025-02-10,ISPA,407,78900,70.6,25.2,86.3
33.74.15,Ngaliyan,2025-02-10,ISPA,456,145800,39.6,26.2,83.6
33.74.16,Tugu,2025-02-10,ISPA,406,32100,39.6,26.9,83.9
33.74.01,Semarang Tengah,2025-02-17,ISPA,226,62540,41.2,26.4,84.6
33.74.02,Semarang Utara,2025-02-17,ISPA,556,128450,41.2,26.6,84.6
33.74.03,Semarang Timur,2025-02-17,ISPA,356,72130,41.2,26.4,84.6
33.74.04,Semarang Selatan,2025-02-17,ISPA,38,70890,41.2,26.4,84.6
33.74.05,Semarang Barat,2025-02-17,ISPA,752,158726,41.2,26.6,84.6
33.74.06,Gayamsari,2025-02-17,ISPA,334,68900,41.2,26.4,84.6
33.74.07,Candisari,2025-02-17,ISPA,398,78420,41.2,26.4,84.6
33.74.08,Gajahmungkur,2025-02-17,ISPA,0,58310,41.2,26.4,84.6
33.74.09,Genuk,2025-02-17,ISPA,359,112400,36.2,26.9,81.0
33.74.10,Pedurungan,2025-02-17,ISPA,1168,192500,36.2,27.1,81.0
33.74.11,Tembalang,2025-02-17,ISPA,324,185400,69.2,25.5,86.6
33.74.12,Banyumanik,2025-02-17,ISPA,630,142100,69.2,25.5,86.6
33.74.13,Gunungpati,2025-02-17,ISPA,234,98200,102.1,24.2,89.6
33.74.14,Mijen,2025-02-17,ISPA,407,78900,92.8,24.7,90.4
33.74.15,Ngaliyan,2025-02-17,ISPA,456,145800,58.1,25.8,86.6
33.74.16,Tugu,2025-02-17,ISPA,406,32100,58.1,26.5,86.6
33.74.01,Semarang Tengah,2025-02-24,ISPA,226,62540,78.3,26.2,87.6
33.74.02,Semarang Utara,2025-02-24,ISPA,556,128450,78.3,26.5,87.6
33.74.03,Semarang Timur,2025-02-24,ISPA,356,72130,78.3,26.2,87.6
33.74.04,Semarang Selatan,2025-02-24,ISPA,38,70890,78.3,26.2,87.6
33.74.05,Semarang Barat,2025-02-24,ISPA,752,158726,78.3,26.5,87.6
33.74.06,Gayamsari,2025-02-24,ISPA,334,68900,78.3,26.2,87.6
33.74.07,Candisari,2025-02-24,ISPA,398,78420,78.3,26.2,87.6
33.74.08,Gajahmungkur,2025-02-24,ISPA,0,58310,78.3,26.2,87.6
33.74.09,Genuk,2025-02-24,ISPA,359,112400,70.1,26.4,87.0
33.74.10,Pedurungan,2025-02-24,ISPA,1168,192500,70.1,26.6,87.0
33.74.11,Tembalang,2025-02-24,ISPA,324,185400,111.8,25.5,88.1
33.74.12,Banyumanik,2025-02-24,ISPA,630,142100,111.8,25.5,88.1
33.74.13,Gunungpati,2025-02-24,ISPA,234,98200,160.9,24.3,90.6
33.74.14,Mijen,2025-02-24,ISPA,407,78900,177.3,24.8,92.1
33.74.15,Ngaliyan,2025-02-24,ISPA,456,145800,76.6,25.8,88.1
33.74.16,Tugu,2025-02-24,ISPA,406,32100,76.6,26.5,88.3
33.74.01,Semarang Tengah,2025-03-03,ISPA,158,62540,57.7,26.8,85.0
33.74.02,Semarang Utara,2025-03-03,ISPA,450,128450,57.7,27.1,85.0
33.74.03,Semarang Timur,2025-03-03,ISPA,275,72130,57.7,26.8,85.0
33.74.04,Semarang Selatan,2025-03-03,ISPA,313,70890,57.7,26.8,85.0
33.74.05,Semarang Barat,2025-03-03,ISPA,549,158726,57.7,27.1,85.0
33.74.06,Gayamsari,2025-03-03,ISPA,183,68900,57.7,26.8,85.0
33.74.07,Candisari,2025-03-03,ISPA,297,78420,57.7,26.8,85.0
33.74.08,Gajahmungkur,2025-03-03,ISPA,103,58310,57.7,26.8,85.0
33.74.09,Genuk,2025-03-03,ISPA,274,112400,68.7,26.9,84.6
33.74.10,Pedurungan,2025-03-03,ISPA,1137,192500,68.7,27.0,84.6
33.74.11,Tembalang,2025-03-03,ISPA,440,185400,100.2,26.0,85.9
33.74.12,Banyumanik,2025-03-03,ISPA,415,142100,100.2,26.0,85.9
33.74.13,Gunungpati,2025-03-03,ISPA,176,98200,103.9,24.9,87.7
33.74.14,Mijen,2025-03-03,ISPA,287,78900,117.6,25.4,89.1
33.74.15,Ngaliyan,2025-03-03,ISPA,331,145800,63.1,26.5,85.3
33.74.16,Tugu,2025-03-03,ISPA,320,32100,63.1,27.2,85.3
33.74.01,Semarang Tengah,2025-03-10,ISPA,158,62540,37.5,26.8,84.7
33.74.02,Semarang Utara,2025-03-10,ISPA,450,128450,37.5,27.0,84.7
33.74.03,Semarang Timur,2025-03-10,ISPA,275,72130,37.5,26.8,84.7
33.74.04,Semarang Selatan,2025-03-10,ISPA,313,70890,37.5,26.8,84.7
33.74.05,Semarang Barat,2025-03-10,ISPA,549,158726,37.5,27.0,84.7
33.74.06,Gayamsari,2025-03-10,ISPA,183,68900,37.5,26.8,84.7
33.74.07,Candisari,2025-03-10,ISPA,297,78420,37.5,26.8,84.7
33.74.08,Gajahmungkur,2025-03-10,ISPA,103,58310,37.5,26.8,84.7
33.74.09,Genuk,2025-03-10,ISPA,274,112400,57.9,26.7,85.9
33.74.10,Pedurungan,2025-03-10,ISPA,1137,192500,57.9,26.9,85.9
33.74.11,Tembalang,2025-03-10,ISPA,440,185400,56.8,25.8,86.6
33.74.12,Banyumanik,2025-03-10,ISPA,415,142100,56.8,25.8,86.6
33.74.13,Gunungpati,2025-03-10,ISPA,176,98200,94.6,24.7,88.3
33.74.14,Mijen,2025-03-10,ISPA,287,78900,100.6,25.3,88.9
33.74.15,Ngaliyan,2025-03-10,ISPA,331,145800,36.3,26.4,85.0
33.74.16,Tugu,2025-03-10,ISPA,320,32100,36.3,27.1,85.0
33.74.01,Semarang Tengah,2025-03-17,ISPA,158,62540,18.3,27.1,80.0
33.74.02,Semarang Utara,2025-03-17,ISPA,450,128450,18.3,27.3,80.1
33.74.03,Semarang Timur,2025-03-17,ISPA,275,72130,18.3,27.1,80.0
33.74.04,Semarang Selatan,2025-03-17,ISPA,313,70890,18.3,27.1,80.0
33.74.05,Semarang Barat,2025-03-17,ISPA,549,158726,18.3,27.3,80.1
33.74.06,Gayamsari,2025-03-17,ISPA,183,68900,18.3,27.1,80.0
33.74.07,Candisari,2025-03-17,ISPA,297,78420,18.3,27.1,80.0
33.74.08,Gajahmungkur,2025-03-17,ISPA,103,58310,18.3,27.1,80.0
33.74.09,Genuk,2025-03-17,ISPA,274,112400,23.6,27.1,80.6
33.74.10,Pedurungan,2025-03-17,ISPA,1137,192500,23.6,27.3,80.7
33.74.11,Tembalang,2025-03-17,ISPA,440,185400,46.8,25.9,84.1
33.74.12,Banyumanik,2025-03-17,ISPA,415,142100,46.8,25.9,84.1
33.74.13,Gunungpati,2025-03-17,ISPA,176,98200,90.6,24.8,85.9
33.74.14,Mijen,2025-03-17,ISPA,287,78900,49.3,25.3,86.7
33.74.15,Ngaliyan,2025-03-17,ISPA,331,145800,30.8,26.6,81.9
33.74.16,Tugu,2025-03-17,ISPA,320,32100,30.8,27.2,81.9
33.74.01,Semarang Tengah,2025-03-24,ISPA,158,62540,20.0,27.5,80.9
33.74.02,Semarang Utara,2025-03-24,ISPA,450,128450,20.0,27.7,80.9
33.74.03,Semarang Timur,2025-03-24,ISPA,275,72130,20.0,27.5,80.9
33.74.04,Semarang Selatan,2025-03-24,ISPA,313,70890,20.0,27.5,80.9
33.74.05,Semarang Barat,2025-03-24,ISPA,549,158726,20.0,27.7,80.9
33.74.06,Gayamsari,2025-03-24,ISPA,183,68900,20.0,27.5,80.9
33.74.07,Candisari,2025-03-24,ISPA,297,78420,20.0,27.5,80.9
33.74.08,Gajahmungkur,2025-03-24,ISPA,103,58310,20.0,27.5,80.9
33.74.09,Genuk,2025-03-24,ISPA,274,112400,46.6,27.7,80.3
33.74.10,Pedurungan,2025-03-24,ISPA,1137,192500,46.6,27.9,80.3
33.74.11,Tembalang,2025-03-24,ISPA,440,185400,54.0,26.3,83.9
33.74.12,Banyumanik,2025-03-24,ISPA,415,142100,54.0,26.3,83.9
33.74.13,Gunungpati,2025-03-24,ISPA,176,98200,80.8,25.2,85.6
33.74.14,Mijen,2025-03-24,ISPA,287,78900,73.2,25.6,87.0
33.74.15,Ngaliyan,2025-03-24,ISPA,331,145800,33.3,26.9,82.4
33.74.16,Tugu,2025-03-24,ISPA,320,32100,33.3,27.5,82.4
33.74.01,Semarang Tengah,2025-03-31,ISPA,158,62540,41.7,27.0,82.1
33.74.02,Semarang Utara,2025-03-31,ISPA,450,128450,41.7,27.3,82.1
33.74.03,Semarang Timur,2025-03-31,ISPA,275,72130,41.7,27.0,82.1
33.74.04,Semarang Selatan,2025-03-31,ISPA,313,70890,41.7,27.0,82.1
33.74.05,Semarang Barat,2025-03-31,ISPA,549,158726,41.7,27.3,82.1
33.74.06,Gayamsari,2025-03-31,ISPA,183,68900,41.7,27.0,82.1
33.74.07,Candisari,2025-03-31,ISPA,297,78420,41.7,27.0,82.1
33.74.08,Gajahmungkur,2025-03-31,ISPA,103,58310,41.7,27.0,82.1
33.74.09,Genuk,2025-03-31,ISPA,274,112400,21.0,27.3,80.9
33.74.10,Pedurungan,2025-03-31,ISPA,1137,192500,21.0,27.4,80.9
33.74.11,Tembalang,2025-03-31,ISPA,440,185400,67.4,25.8,85.1
33.74.12,Banyumanik,2025-03-31,ISPA,415,142100,67.4,25.8,85.1
33.74.13,Gunungpati,2025-03-31,ISPA,176,98200,87.6,24.5,87.7
33.74.14,Mijen,2025-03-31,ISPA,287,78900,78.6,25.0,88.9
33.74.15,Ngaliyan,2025-03-31,ISPA,331,145800,30.2,26.3,84.6
33.74.16,Tugu,2025-03-31,ISPA,320,32100,30.2,27.0,84.7
33.74.01,Semarang Tengah,2025-04-07,ISPA,192,62540,35.2,27.6,79.9
33.74.02,Semarang Utara,2025-04-07,ISPA,721,128450,35.2,27.8,79.9
33.74.03,Semarang Timur,2025-04-07,ISPA,325,72130,35.2,27.6,79.9
33.74.04,Semarang Selatan,2025-04-07,ISPA,324,70890,35.2,27.6,79.9
33.74.05,Semarang Barat,2025-04-07,ISPA,547,158726,35.2,27.8,79.9
33.74.06,Gayamsari,2025-04-07,ISPA,231,68900,35.2,27.6,79.9
33.74.07,Candisari,2025-04-07,ISPA,312,78420,35.2,27.6,79.9
33.74.08,Gajahmungkur,2025-04-07,ISPA,97,58310,35.2,27.6,79.9
33.74.09,Genuk,2025-04-07,ISPA,268,112400,51.1,27.8,79.4
33.74.10,Pedurungan,2025-04-07,ISPA,1317,192500,51.1,28.0,79.6
33.74.11,Tembalang,2025-04-07,ISPA,545,185400,50.0,26.5,82.4
33.74.12,Banyumanik,2025-04-07,ISPA,550,142100,50.0,26.5,82.4
33.74.13,Gunungpati,2025-04-07,ISPA,167,98200,59.4,25.2,84.7
33.74.14,Mijen,2025-04-07,ISPA,344,78900,78.6,25.7,86.6
33.74.15,Ngaliyan,2025-04-07,ISPA,460,145800,24.4,27.1,80.0
33.74.16,Tugu,2025-04-07,ISPA,327,32100,24.4,27.8,80.3
33.74.01,Semarang Tengah,2025-04-14,ISPA,192,62540,35.5,27.1,83.4
33.74.02,Semarang Utara,2025-04-14,ISPA,721,128450,35.5,27.3,83.4
33.74.03,Semarang Timur,2025-04-14,ISPA,325,72130,35.5,27.1,83.4
33.74.04,Semarang Selatan,2025-04-14,ISPA,324,70890,35.5,27.1,83.4
33.74.05,Semarang Barat,2025-04-14,ISPA,547,158726,35.5,27.3,83.4
33.74.06,Gayamsari,2025-04-14,ISPA,231,68900,35.5,27.1,83.4
33.74.07,Candisari,2025-04-14,ISPA,312,78420,35.5,27.1,83.4
33.74.08,Gajahmungkur,2025-04-14,ISPA,97,58310,35.5,27.1,83.4
33.74.09,Genuk,2025-04-14,ISPA,268,112400,46.1,27.2,83.3
33.74.10,Pedurungan,2025-04-14,ISPA,1317,192500,46.1,27.4,83.4
33.74.11,Tembalang,2025-04-14,ISPA,545,185400,52.2,26.1,85.1
33.74.12,Banyumanik,2025-04-14,ISPA,550,142100,52.2,26.1,85.1
33.74.13,Gunungpati,2025-04-14,ISPA,167,98200,98.3,24.9,87.3
33.74.14,Mijen,2025-04-14,ISPA,344,78900,84.8,25.4,88.9
33.74.15,Ngaliyan,2025-04-14,ISPA,460,145800,39.7,26.8,82.1
33.74.16,Tugu,2025-04-14,ISPA,327,32100,39.7,27.5,82.3
33.74.01,Semarang Tengah,2025-04-21,ISPA,192,62540,24.8,27.4,80.0
33.74.02,Semarang Utara,2025-04-21,ISPA,721,128450,24.8,27.7,80.0
33.74.03,Semarang Timur,2025-04-21,ISPA,325,72130,24.8,27.4,80.0
33.74.04,Semarang Selatan,2025-04-21,ISPA,324,70890,24.8,27.4,80.0
33.74.05,Semarang Barat,2025-04-21,ISPA,547,158726,24.8,27.7,80.0
33.74.06,Gayamsari,2025-04-21,ISPA,231,68900,24.8,27.4,80.0
33.74.07,Candisari,2025-04-21,ISPA,312,78420,24.8,27.4,80.0
33.74.08,Gajahmungkur,2025-04-21,ISPA,97,58310,24.8,27.4,80.0
33.74.09,Genuk,2025-04-21,ISPA,268,112400,34.1,27.8,76.6
33.74.10,Pedurungan,2025-04-21,ISPA,1317,192500,34.1,28.0,76.6
33.74.11,Tembalang,2025-04-21,ISPA,545,185400,50.7,26.3,82.9
33.74.12,Banyumanik,2025-04-21,ISPA,550,142100,50.7,26.3,82.9
33.74.13,Gunungpati,2025-04-21,ISPA,167,98200,104.5,25.0,85.0
33.74.14,Mijen,2025-04-21,ISPA,344,78900,75.4,25.5,86.0
33.74.15,Ngaliyan,2025-04-21,ISPA,460,145800,47.0,26.9,81.1
33.74.16,Tugu,2025-04-21,ISPA,327,32100,47.0,27.6,81.1
33.74.01,Semarang Tengah,2025-04-28,ISPA,192,62540,33.7,28.4,69.9
33.74.02,Semarang Utara,2025-04-28,ISPA,721,128450,33.7,28.6,69.9
33.74.03,Semarang Timur,2025-04-28,ISPA,325,72130,33.7,28.4,69.9
33.74.04,Semarang Selatan,2025-04-28,ISPA,324,70890,33.7,28.4,69.9
33.74.05,Semarang Barat,2025-04-28,ISPA,547,158726,33.7,28.6,69.9
33.74.06,Gayamsari,2025-04-28,ISPA,231,68900,33.7,28.4,69.9
33.74.07,Candisari,2025-04-28,ISPA,312,78420,33.7,28.4,69.9
33.74.08,Gajahmungkur,2025-04-28,ISPA,97,58310,33.7,28.4,69.9
33.74.09,Genuk,2025-04-28,ISPA,268,112400,30.6,28.4,70.1
33.74.10,Pedurungan,2025-04-28,ISPA,1317,192500,30.6,28.6,70.3
33.74.11,Tembalang,2025-04-28,ISPA,545,185400,47.3,26.7,76.7
33.74.12,Banyumanik,2025-04-28,ISPA,550,142100,47.3,26.7,76.7
33.74.13,Gunungpati,2025-04-28,ISPA,167,98200,59.1,25.4,79.9
33.74.14,Mijen,2025-04-28,ISPA,344,78900,55.5,25.9,81.4
33.74.15,Ngaliyan,2025-04-28,ISPA,460,145800,28.9,27.7,72.9
33.74.16,Tugu,2025-04-28,ISPA,327,32100,28.9,28.4,73.0
33.74.01,Semarang Tengah,2025-05-05,ISPA,159,62540,31.7,28.0,78.1
33.74.02,Semarang Utara,2025-05-05,ISPA,611,128450,31.7,28.2,78.1
33.74.03,Semarang Timur,2025-05-05,ISPA,353,72130,31.7,28.0,78.1
33.74.04,Semarang Selatan,2025-05-05,ISPA,324,70890,31.7,28.0,78.1
33.74.05,Semarang Barat,2025-05-05,ISPA,608,158726,31.7,28.2,78.1
33.74.06,Gayamsari,2025-05-05,ISPA,239,68900,31.7,28.0,78.1
33.74.07,Candisari,2025-05-05,ISPA,288,78420,31.7,28.0,78.1
33.74.08,Gajahmungkur,2025-05-05,ISPA,94,58310,31.7,28.0,78.1
33.74.09,Genuk,2025-05-05,ISPA,294,112400,34.2,27.8,80.0
33.74.10,Pedurungan,2025-05-05,ISPA,1472,192500,34.2,28.0,80.0
33.74.11,Tembalang,2025-05-05,ISPA,501,185400,53.2,26.6,82.3
33.74.12,Banyumanik,2025-05-05,ISPA,432,142100,53.2,26.6,82.3
33.74.13,Gunungpati,2025-05-05,ISPA,209,98200,81.0,25.6,83.9
33.74.14,Mijen,2025-05-05,ISPA,356,78900,91.4,26.0,85.9
33.74.15,Ngaliyan,2025-05-05,ISPA,373,145800,30.7,27.5,79.7
33.74.16,Tugu,2025-05-05,ISPA,342,32100,30.7,28.2,80.0
33.74.01,Semarang Tengah,2025-05-12,ISPA,159,62540,73.0,26.6,86.4
33.74.02,Semarang Utara,2025-05-12,ISPA,611,128450,73.0,26.8,86.4
33.74.03,Semarang Timur,2025-05-12,ISPA,353,72130,73.0,26.6,86.4
33.74.04,Semarang Selatan,2025-05-12,ISPA,324,70890,73.0,26.6,86.4
33.74.05,Semarang Barat,2025-05-12,ISPA,608,158726,73.0,26.8,86.4
33.74.06,Gayamsari,2025-05-12,ISPA,239,68900,73.0,26.6,86.4
33.74.07,Candisari,2025-05-12,ISPA,288,78420,73.0,26.6,86.4
33.74.08,Gajahmungkur,2025-05-12,ISPA,94,58310,73.0,26.6,86.4
33.74.09,Genuk,2025-05-12,ISPA,294,112400,73.9,26.6,87.1
33.74.10,Pedurungan,2025-05-12,ISPA,1472,192500,73.9,26.7,87.1
33.74.11,Tembalang,2025-05-12,ISPA,501,185400,86.9,25.7,87.9
33.74.12,Banyumanik,2025-05-12,ISPA,432,142100,86.9,25.7,87.9
33.74.13,Gunungpati,2025-05-12,ISPA,209,98200,145.7,24.7,89.4
33.74.14,Mijen,2025-05-12,ISPA,356,78900,113.3,25.2,90.6
33.74.15,Ngaliyan,2025-05-12,ISPA,373,145800,55.8,26.4,86.0
33.74.16,Tugu,2025-05-12,ISPA,342,32100,55.8,27.1,86.0
33.74.01,Semarang Tengah,2025-05-19,ISPA,159,62540,83.7,26.6,86.0
33.74.02,Semarang Utara,2025-05-19,ISPA,611,128450,83.7,26.8,86.0
33.74.03,Semarang Timur,2025-05-19,ISPA,353,72130,83.7,26.6,86.0
33.74.04,Semarang Selatan,2025-05-19,ISPA,324,70890,83.7,26.6,86.0
33.74.05,Semarang Barat,2025-05-19,ISPA,608,158726,83.7,26.8,86.0
33.74.06,Gayamsari,2025-05-19,ISPA,239,68900,83.7,26.6,86.0
33.74.07,Candisari,2025-05-19,ISPA,288,78420,83.7,26.6,86.0
33.74.08,Gajahmungkur,2025-05-19,ISPA,94,58310,83.7,26.6,86.0
33.74.09,Genuk,2025-05-19,ISPA,294,112400,108.4,26.4,87.0
33.74.10,Pedurungan,2025-05-19,ISPA,1472,192500,108.4,26.6,87.0
33.74.11,Tembalang,2025-05-19,ISPA,501,185400,81.9,25.6,87.1
33.74.12,Banyumanik,2025-05-19,ISPA,432,142100,81.9,25.6,87.1
33.74.13,Gunungpati,2025-05-19,ISPA,209,98200,84.9,24.6,88.7
33.74.14,Mijen,2025-05-19,ISPA,356,78900,79.6,25.3,89.1
33.74.15,Ngaliyan,2025-05-19,ISPA,373,145800,66.1,26.3,85.3
33.74.16,Tugu,2025-05-19,ISPA,342,32100,66.1,27.0,85.7
33.74.01,Semarang Tengah,2025-05-26,ISPA,159,62540,23.2,27.4,81.6
33.74.02,Semarang Utara,2025-05-26,ISPA,611,128450,23.2,27.6,81.6
33.74.03,Semarang Timur,2025-05-26,ISPA,353,72130,23.2,27.4,81.6
33.74.04,Semarang Selatan,2025-05-26,ISPA,324,70890,23.2,27.4,81.6
33.74.05,Semarang Barat,2025-05-26,ISPA,608,158726,23.2,27.6,81.6
33.74.06,Gayamsari,2025-05-26,ISPA,239,68900,23.2,27.4,81.6
33.74.07,Candisari,2025-05-26,ISPA,288,78420,23.2,27.4,81.6
33.74.08,Gajahmungkur,2025-05-26,ISPA,94,58310,23.2,27.4,81.6
33.74.09,Genuk,2025-05-26,ISPA,294,112400,25.8,27.2,82.7
33.74.10,Pedurungan,2025-05-26,ISPA,1472,192500,25.8,27.3,82.7
33.74.11,Tembalang,2025-05-26,ISPA,501,185400,33.4,26.3,82.7
33.74.12,Banyumanik,2025-05-26,ISPA,432,142100,33.4,26.3,82.7
33.74.13,Gunungpati,2025-05-26,ISPA,209,98200,44.5,25.4,82.9
33.74.14,Mijen,2025-05-26,ISPA,356,78900,49.9,25.9,83.3
33.74.15,Ngaliyan,2025-05-26,ISPA,373,145800,23.9,27.1,79.6
33.74.16,Tugu,2025-05-26,ISPA,342,32100,23.9,27.8,79.7
33.74.01,Semarang Tengah,2025-06-02,ISPA,193,62540,6.8,28.5,70.9
33.74.02,Semarang Utara,2025-06-02,ISPA,462,128450,6.8,28.7,70.9
33.74.03,Semarang Timur,2025-06-02,ISPA,219,72130,6.8,28.5,70.9
33.74.04,Semarang Selatan,2025-06-02,ISPA,276,70890,6.8,28.5,70.9
33.74.05,Semarang Barat,2025-06-02,ISPA,573,158726,6.8,28.7,70.9
33.74.06,Gayamsari,2025-06-02,ISPA,243,68900,6.8,28.5,70.9
33.74.07,Candisari,2025-06-02,ISPA,319,78420,6.8,28.5,70.9
33.74.08,Gajahmungkur,2025-06-02,ISPA,81,58310,6.8,28.5,70.9
33.74.09,Genuk,2025-06-02,ISPA,261,112400,11.3,28.1,74.3
33.74.10,Pedurungan,2025-06-02,ISPA,1315,192500,11.3,28.2,74.3
33.74.11,Tembalang,2025-06-02,ISPA,746,185400,5.6,26.9,77.3
33.74.12,Banyumanik,2025-06-02,ISPA,398,142100,5.6,26.9,77.3
33.74.13,Gunungpati,2025-06-02,ISPA,140,98200,11.2,25.8,78.6
33.74.14,Mijen,2025-06-02,ISPA,329,78900,17.2,26.5,79.6
33.74.15,Ngaliyan,2025-06-02,ISPA,552,145800,3.4,28.2,70.3
33.74.16,Tugu,2025-06-02,ISPA,302,32100,3.4,28.9,70.3
33.74.01,Semarang Tengah,2025-06-09,ISPA,193,62540,24.0,27.5,76.7
33.74.02,Semarang Utara,2025-06-09,ISPA,462,128450,24.0,27.7,76.7
33.74.03,Semarang Timur,2025-06-09,ISPA,219,72130,24.0,27.5,76.7
33.74.04,Semarang Selatan,2025-06-09,ISPA,276,70890,24.0,27.5,76.7
33.74.05,Semarang Barat,2025-06-09,ISPA,573,158726,24.0,27.7,76.7
33.74.06,Gayamsari,2025-06-09,ISPA,243,68900,24.0,27.5,76.7
33.74.07,Candisari,2025-06-09,ISPA,319,78420,24.0,27.5,76.7
33.74.08,Gajahmungkur,2025-06-09,ISPA,81,58310,24.0,27.5,76.7
33.74.09,Genuk,2025-06-09,ISPA,261,112400,29.8,27.2,78.0
33.74.10,Pedurungan,2025-06-09,ISPA,1315,192500,29.8,27.4,78.0
33.74.11,Tembalang,2025-06-09,ISPA,746,185400,19.5,26.4,78.9
33.74.12,Banyumanik,2025-06-09,ISPA,398,142100,19.5,26.4,78.9
33.74.13,Gunungpati,2025-06-09,ISPA,140,98200,32.1,25.4,80.7
33.74.14,Mijen,2025-06-09,ISPA,329,78900,64.2,26.0,82.0
33.74.15,Ngaliyan,2025-06-09,ISPA,552,145800,31.7,27.3,76.1
33.74.16,Tugu,2025-06-09,ISPA,302,32100,31.7,28.0,76.1
33.74.01,Semarang Tengah,2025-06-16,ISPA,193,62540,42.4,27.1,77.3
33.74.02,Semarang Utara,2025-06-16,ISPA,462,128450,42.4,27.3,77.3
33.74.03,Semarang Timur,2025-06-16,ISPA,219,72130,42.4,27.1,77.3
33.74.04,Semarang Selatan,2025-06-16,ISPA,276,70890,42.4,27.1,77.3
33.74.05,Semarang Barat,2025-06-16,ISPA,573,158726,42.4,27.3,77.3
33.74.06,Gayamsari,2025-06-16,ISPA,243,68900,42.4,27.1,77.3
33.74.07,Candisari,2025-06-16,ISPA,319,78420,42.4,27.1,77.3
33.74.08,Gajahmungkur,2025-06-16,ISPA,81,58310,42.4,27.1,77.3
33.74.09,Genuk,2025-06-16,ISPA,261,112400,34.2,26.8,79.0
33.74.10,Pedurungan,2025-06-16,ISPA,1315,192500,34.2,27.0,79.0
33.74.11,Tembalang,2025-06-16,ISPA,746,185400,41.9,25.9,80.1
33.74.12,Banyumanik,2025-06-16,ISPA,398,142100,41.9,25.9,80.1
33.74.13,Gunungpati,2025-06-16,ISPA,140,98200,52.2,24.7,83.1
33.74.14,Mijen,2025-06-16,ISPA,329,78900,49.0,25.3,84.1
33.74.15,Ngaliyan,2025-06-16,ISPA,552,145800,35.6,26.7,77.7
33.74.16,Tugu,2025-06-16,ISPA,302,32100,35.6,27.4,77.7
33.74.01,Semarang Tengah,2025-06-23,ISPA,193,62540,13.7,28.3,67.0
33.74.02,Semarang Utara,2025-06-23,ISPA,462,128450,13.7,28.5,67.0
33.74.03,Semarang Timur,2025-06-23,ISPA,219,72130,13.7,28.3,67.0
33.74.04,Semarang Selatan,2025-06-23,ISPA,276,70890,13.7,28.3,67.0
33.74.05,Semarang Barat,2025-06-23,ISPA,573,158726,13.7,28.5,67.0
33.74.06,Gayamsari,2025-06-23,ISPA,243,68900,13.7,28.3,67.0
33.74.07,Candisari,2025-06-23,ISPA,319,78420,13.7,28.3,67.0
33.74.08,Gajahmungkur,2025-06-23,ISPA,81,58310,13.7,28.3,67.0
33.74.09,Genuk,2025-06-23,ISPA,261,112400,11.3,28.0,69.6
33.74.10,Pedurungan,2025-06-23,ISPA,1315,192500,11.3,28.2,69.6
33.74.11,Tembalang,2025-06-23,ISPA,746,185400,17.8,26.7,73.1
33.74.12,Banyumanik,2025-06-23,ISPA,398,142100,17.8,26.7,73.1
33.74.13,Gunungpati,2025-06-23,ISPA,140,98200,35.5,25.4,76.7
33.74.14,Mijen,2025-06-23,ISPA,329,78900,23.6,26.0,77.6
33.74.15,Ngaliyan,2025-06-23,ISPA,552,145800,23.3,27.9,67.6
33.74.16,Tugu,2025-06-23,ISPA,302,32100,23.3,28.6,67.7
33.74.01,Semarang Tengah,2025-06-30,ISPA,193,62540,20.5,27.7,72.3
33.74.02,Semarang Utara,2025-06-30,ISPA,462,128450,20.5,28.0,72.4
33.74.03,Semarang Timur,2025-06-30,ISPA,219,72130,20.5,27.7,72.3
33.74.04,Semarang Selatan,2025-06-30,ISPA,276,70890,20.5,27.7,72.3
33.74.05,Semarang Barat,2025-06-30,ISPA,573,158726,20.5,28.0,72.4
33.74.06,Gayamsari,2025-06-30,ISPA,243,68900,20.5,27.7,72.3
33.74.07,Candisari,2025-06-30,ISPA,319,78420,20.5,27.7,72.3
33.74.08,Gajahmungkur,2025-06-30,ISPA,81,58310,20.5,27.7,72.3
33.74.09,Genuk,2025-06-30,ISPA,261,112400,21.3,27.7,72.7
33.74.10,Pedurungan,2025-06-30,ISPA,1315,192500,21.3,27.8,72.7
33.74.11,Tembalang,2025-06-30,ISPA,746,185400,32.7,26.6,75.3
33.74.12,Banyumanik,2025-06-30,ISPA,398,142100,32.7,26.6,75.3
33.74.13,Gunungpati,2025-06-30,ISPA,140,98200,41.0,25.2,79.1
33.74.14,Mijen,2025-06-30,ISPA,329,78900,45.1,25.7,81.9
33.74.15,Ngaliyan,2025-06-30,ISPA,552,145800,21.3,27.3,73.3
33.74.16,Tugu,2025-06-30,ISPA,302,32100,21.3,28.0,73.4
33.74.01,Semarang Tengah,2025-07-07,ISPA,192,62540,3.7,28.0,62.9
33.74.02,Semarang Utara,2025-07-07,ISPA,627,128450,3.7,28.2,62.9
33.74.03,Semarang Timur,2025-07-07,ISPA,261,72130,3.7,28.0,62.9
33.74.04,Semarang Selatan,2025-07-07,ISPA,387,70890,3.7,28.0,62.9
33.74.05,Semarang Barat,2025-07-07,ISPA,690,158726,3.7,28.2,62.9
33.74.06,Gayamsari,2025-07-07,ISPA,335,68900,3.7,28.0,62.9
33.74.07,Candisari,2025-07-07,ISPA,348,78420,3.7,28.0,62.9
33.74.08,Gajahmungkur,2025-07-07,ISPA,147,58310,3.7,28.0,62.9
33.74.09,Genuk,2025-07-07,ISPA,293,112400,7.4,27.7,63.7
33.74.10,Pedurungan,2025-07-07,ISPA,554,192500,7.4,27.8,63.7
33.74.11,Tembalang,2025-07-07,ISPA,1462,185400,3.0,26.6,66.0
33.74.12,Banyumanik,2025-07-07,ISPA,690,142100,3.0,26.6,66.0
33.74.13,Gunungpati,2025-07-07,ISPA,251,98200,7.9,25.3,69.3
33.74.14,Mijen,2025-07-07,ISPA,489,78900,3.4,25.8,71.6
33.74.15,Ngaliyan,2025-07-07,ISPA,669,145800,4.4,27.7,62.3
33.74.16,Tugu,2025-07-07,ISPA,422,32100,4.4,28.4,62.4
33.74.01,Semarang Tengah,2025-07-14,ISPA,192,62540,6.4,28.1,64.9
33.74.02,Semarang Utara,2025-07-14,ISPA,627,128450,6.4,28.3,64.9
33.74.03,Semarang Timur,2025-07-14,ISPA,261,72130,6.4,28.1,64.9
33.74.04,Semarang Selatan,2025-07-14,ISPA,387,70890,6.4,28.1,64.9
33.74.05,Semarang Barat,2025-07-14,ISPA,690,158726,6.4,28.3,64.9
33.74.06,Gayamsari,2025-07-14,ISPA,335,68900,6.4,28.1,64.9
33.74.07,Candisari,2025-07-14,ISPA,348,78420,6.4,28.1,64.9
33.74.08,Gajahmungkur,2025-07-14,ISPA,147,58310,6.4,28.1,64.9
33.74.09,Genuk,2025-07-14,ISPA,293,112400,10.5,27.9,66.1
33.74.10,Pedurungan,2025-07-14,ISPA,554,192500,10.5,28.0,66.1
33.74.11,Tembalang,2025-07-14,ISPA,1462,185400,9.1,26.6,69.1
33.74.12,Banyumanik,2025-07-14,ISPA,690,142100,9.1,26.6,69.1
33.74.13,Gunungpati,2025-07-14,ISPA,251,98200,8.5,25.3,71.3
33.74.14,Mijen,2025-07-14,ISPA,489,78900,6.1,25.9,71.3
33.74.15,Ngaliyan,2025-07-14,ISPA,669,145800,7.2,27.6,64.0
33.74.16,Tugu,2025-07-14,ISPA,422,32100,7.2,28.3,64.1
33.74.01,Semarang Tengah,2025-07-21,ISPA,192,62540,2.6,28.6,62.1
33.74.02,Semarang Utara,2025-07-21,ISPA,627,128450,2.6,28.8,62.1
33.74.03,Semarang Timur,2025-07-21,ISPA,261,72130,2.6,28.6,62.1
33.74.04,Semarang Selatan,2025-07-21,ISPA,387,70890,2.6,28.6,62.1
33.74.05,Semarang Barat,2025-07-21,ISPA,690,158726,2.6,28.8,62.1
33.74.06,Gayamsari,2025-07-21,ISPA,335,68900,2.6,28.6,62.1
33.74.07,Candisari,2025-07-21,ISPA,348,78420,2.6,28.6,62.1
33.74.08,Gajahmungkur,2025-07-21,ISPA,147,58310,2.6,28.6,62.1
33.74.09,Genuk,2025-07-21,ISPA,293,112400,2.2,28.0,65.4
33.74.10,Pedurungan,2025-07-21,ISPA,554,192500,2.2,28.2,65.4
33.74.11,Tembalang,2025-07-21,ISPA,1462,185400,4.5,26.8,69.1
33.74.12,Banyumanik,2025-07-21,ISPA,690,142100,4.5,26.8,69.1
33.74.13,Gunungpati,2025-07-21,ISPA,251,98200,6.7,25.6,71.0
33.74.14,Mijen,2025-07-21,ISPA,489,78900,5.0,26.4,71.0
33.74.15,Ngaliyan,2025-07-21,ISPA,669,145800,2.7,28.4,61.0
33.74.16,Tugu,2025-07-21,ISPA,422,32100,2.7,29.1,61.3
33.74.01,Semarang Tengah,2025-07-28,ISPA,192,62540,15.7,29.2,62.3
33.74.02,Semarang Utara,2025-07-28,ISPA,627,128450,15.7,29.4,62.3
33.74.03,Semarang Timur,2025-07-28,ISPA,261,72130,15.7,29.2,62.3
33.74.04,Semarang Selatan,2025-07-28,ISPA,387,70890,15.7,29.2,62.3
33.74.05,Semarang Barat,2025-07-28,ISPA,690,158726,15.7,29.4,62.3
33.74.06,Gayamsari,2025-07-28,ISPA,335,68900,15.7,29.2,62.3
33.74.07,Candisari,2025-07-28,ISPA,348,78420,15.7,29.2,62.3
33.74.08,Gajahmungkur,2025-07-28,ISPA,147,58310,15.7,29.2,62.3
33.74.09,Genuk,2025-07-28,ISPA,293,112400,6.6,28.9,63.9
33.74.10,Pedurungan,2025-07-28,ISPA,554,192500,6.6,29.0,63.9
33.74.11,Tembalang,2025-07-28,ISPA,1462,185400,13.8,27.6,68.4
33.74.12,Banyumanik,2025-07-28,ISPA,690,142100,13.8,27.6,68.4
33.74.13,Gunungpati,2025-07-28,ISPA,251,98200,15.5,26.2,72.4
33.74.14,Mijen,2025-07-28,ISPA,489,78900,10.6,26.8,72.7
33.74.15,Ngaliyan,2025-07-28,ISPA,669,145800,12.4,28.7,63.7
33.74.16,Tugu,2025-07-28,ISPA,422,32100,12.4,29.4,63.7
33.74.01,Semarang Tengah,2025-08-04,ISPA,219,62540,30.0,27.6,75.6
33.74.02,Semarang Utara,2025-08-04,ISPA,659,128450,30.0,27.8,75.6
33.74.03,Semarang Timur,2025-08-04,ISPA,298,72130,30.0,27.6,75.6
33.74.04,Semarang Selatan,2025-08-04,ISPA,444,70890,30.0,27.6,75.6
33.74.05,Semarang Barat,2025-08-04,ISPA,843,158726,30.0,27.8,75.6
33.74.06,Gayamsari,2025-08-04,ISPA,382,68900,30.0,27.6,75.6
33.74.07,Candisari,2025-08-04,ISPA,397,78420,30.0,27.6,75.6
33.74.08,Gajahmungkur,2025-08-04,ISPA,126,58310,30.0,27.6,75.6
33.74.09,Genuk,2025-08-04,ISPA,320,112400,35.1,27.6,75.3
33.74.10,Pedurungan,2025-08-04,ISPA,1480,192500,35.1,27.7,75.3
33.74.11,Tembalang,2025-08-04,ISPA,1034,185400,30.8,26.6,77.0
33.74.12,Banyumanik,2025-08-04,ISPA,772,142100,30.8,26.6,77.0
33.74.13,Gunungpati,2025-08-04,ISPA,236,98200,27.2,25.4,80.1
33.74.14,Mijen,2025-08-04,ISPA,546,78900,25.0,26.0,80.7
33.74.15,Ngaliyan,2025-08-04,ISPA,630,145800,25.1,27.0,77.4
33.74.16,Tugu,2025-08-04,ISPA,509,32100,25.1,27.7,77.4
33.74.01,Semarang Tengah,2025-08-11,ISPA,219,62540,37.1,27.4,70.3
33.74.02,Semarang Utara,2025-08-11,ISPA,659,128450,37.1,27.6,70.3
33.74.03,Semarang Timur,2025-08-11,ISPA,298,72130,37.1,27.4,70.3
33.74.04,Semarang Selatan,2025-08-11,ISPA,444,70890,37.1,27.4,70.3
33.74.05,Semarang Barat,2025-08-11,ISPA,843,158726,37.1,27.6,70.3
33.74.06,Gayamsari,2025-08-11,ISPA,382,68900,37.1,27.4,70.3
33.74.07,Candisari,2025-08-11,ISPA,397,78420,37.1,27.4,70.3
33.74.08,Gajahmungkur,2025-08-11,ISPA,126,58310,37.1,27.4,70.3
33.74.09,Genuk,2025-08-11,ISPA,320,112400,42.8,27.3,70.3
33.74.10,Pedurungan,2025-08-11,ISPA,1480,192500,42.8,27.4,70.3
33.74.11,Tembalang,2025-08-11,ISPA,1034,185400,32.0,26.3,71.9
33.74.12,Banyumanik,2025-08-11,ISPA,772,142100,32.0,26.3,71.9
33.74.13,Gunungpati,2025-08-11,ISPA,236,98200,24.7,25.0,74.7
33.74.14,Mijen,2025-08-11,ISPA,546,78900,32.1,25.5,75.4
33.74.15,Ngaliyan,2025-08-11,ISPA,630,145800,31.6,26.8,72.4
33.74.16,Tugu,2025-08-11,ISPA,509,32100,31.6,27.4,72.6
33.74.01,Semarang Tengah,2025-08-18,ISPA,219,62540,52.6,27.3,74.3
33.74.02,Semarang Utara,2025-08-18,ISPA,659,128450,52.6,27.5,74.3
33.74.03,Semarang Timur,2025-08-18,ISPA,298,72130,52.6,27.3,74.3
33.74.04,Semarang Selatan,2025-08-18,ISPA,444,70890,52.6,27.3,74.3
33.74.05,Semarang Barat,2025-08-18,ISPA,843,158726,52.6,27.5,74.3
33.74.06,Gayamsari,2025-08-18,ISPA,382,68900,52.6,27.3,74.3
33.74.07,Candisari,2025-08-18,ISPA,397,78420,52.6,27.3,74.3
33.74.08,Gajahmungkur,2025-08-18,ISPA,126,58310,52.6,27.3,74.3
33.74.09,Genuk,2025-08-18,ISPA,320,112400,51.8,27.0,77.3
33.74.10,Pedurungan,2025-08-18,ISPA,1480,192500,51.8,27.2,77.3
33.74.11,Tembalang,2025-08-18,ISPA,1034,185400,60.9,26.2,77.1
33.74.12,Banyumanik,2025-08-18,ISPA,772,142100,60.9,26.2,77.1
33.74.13,Gunungpati,2025-08-18,ISPA,236,98200,58.1,24.9,79.4
33.74.14,Mijen,2025-08-18,ISPA,546,78900,37.2,25.4,81.3
33.74.15,Ngaliyan,2025-08-18,ISPA,630,145800,28.0,26.9,74.9
33.74.16,Tugu,2025-08-18,ISPA,509,32100,28.0,27.6,74.9
33.74.01,Semarang Tengah,2025-08-25,ISPA,219,62540,10.4,28.2,65.3
33.74.02,Semarang Utara,2025-08-25,ISPA,659,128450,10.4,28.4,65.3
33.74.03,Semarang Timur,2025-08-25,ISPA,298,72130,10.4,28.2,65.3
33.74.04,Semarang Selatan,2025-08-25,ISPA,444,70890,10.4,28.2,65.3
33.74.05,Semarang Barat,2025-08-25,ISPA,843,158726,10.4,28.4,65.3
33.74.06,Gayamsari,2025-08-25,ISPA,382,68900,10.4,28.2,65.3
33.74.07,Candisari,2025-08-25,ISPA,397,78420,10.4,28.2,65.3
33.74.08,Gajahmungkur,2025-08-25,ISPA,126,58310,10.4,28.2,65.3
33.74.09,Genuk,2025-08-25,ISPA,320,112400,7.5,28.3,63.3
33.74.10,Pedurungan,2025-08-25,ISPA,1480,192500,7.5,28.4,63.3
33.74.11,Tembalang,2025-08-25,ISPA,1034,185400,10.6,27.0,67.1
33.74.12,Banyumanik,2025-08-25,ISPA,772,142100,10.6,27.0,67.1
33.74.13,Gunungpati,2025-08-25,ISPA,236,98200,30.4,25.4,70.9
33.74.14,Mijen,2025-08-25,ISPA,546,78900,28.8,26.0,71.9
33.74.15,Ngaliyan,2025-08-25,ISPA,630,145800,11.6,27.6,65.6
33.74.16,Tugu,2025-08-25,ISPA,509,32100,11.6,28.3,65.6
33.74.01,Semarang Tengah,2025-09-01,ISPA,162,62540,1.3,29.3,58.3
33.74.02,Semarang Utara,2025-09-01,ISPA,604,128450,1.3,29.5,58.3
33.74.03,Semarang Timur,2025-09-01,ISPA,248,72130,1.3,29.3,58.3
33.74.04,Semarang Selatan,2025-09-01,ISPA,376,70890,1.3,29.3,58.3
33.74.05,Semarang Barat,2025-09-01,ISPA,670,158726,1.3,29.5,58.3
33.74.06,Gayamsari,2025-09-01,ISPA,122,68900,1.3,29.3,58.3
33.74.07,Candisari,2025-09-01,ISPA,311,78420,1.3,29.3,58.3
33.74.08,Gajahmungkur,2025-09-01,ISPA,229,58310,1.3,29.3,58.3
33.74.09,Genuk,2025-09-01,ISPA,287,112400,3.0,29.3,58.0
33.74.10,Pedurungan,2025-09-01,ISPA,1364,192500,3.0,29.4,58.0
33.74.11,Tembalang,2025-09-01,ISPA,1037,185400,1.7,28.2,59.9
33.74.12,Banyumanik,2025-09-01,ISPA,685,142100,1.7,28.2,59.9
33.74.13,Gunungpati,2025-09-01,ISPA,298,98200,2.2,26.5,64.3
33.74.14,Mijen,2025-09-01,ISPA,430,78900,8.3,26.7,68.0
33.74.15,Ngaliyan,2025-09-01,ISPA,589,145800,3.7,28.6,59.3
33.74.16,Tugu,2025-09-01,ISPA,406,32100,3.7,29.3,59.3
33.74.01,Semarang Tengah,2025-09-08,ISPA,162,62540,37.2,27.7,74.6
33.74.02,Semarang Utara,2025-09-08,ISPA,604,128450,37.2,28.0,74.6
33.74.03,Semarang Timur,2025-09-08,ISPA,248,72130,37.2,27.7,74.6
33.74.04,Semarang Selatan,2025-09-08,ISPA,376,70890,37.2,27.7,74.6
33.74.05,Semarang Barat,2025-09-08,ISPA,670,158726,37.2,28.0,74.6
33.74.06,Gayamsari,2025-09-08,ISPA,122,68900,37.2,27.7,74.6
33.74.07,Candisari,2025-09-08,ISPA,311,78420,37.2,27.7,74.6
33.74.08,Gajahmungkur,2025-09-08,ISPA,229,58310,37.2,27.7,74.6
33.74.09,Genuk,2025-09-08,ISPA,287,112400,39.5,27.8,73.3
33.74.10,Pedurungan,2025-09-08,ISPA,1364,192500,39.5,28.0,73.3
33.74.11,Tembalang,2025-09-08,ISPA,1037,185400,24.3,26.9,73.6
33.74.12,Banyumanik,2025-09-08,ISPA,685,142100,24.3,26.9,73.6
33.74.13,Gunungpati,2025-09-08,ISPA,298,98200,36.9,25.7,75.6
33.74.14,Mijen,2025-09-08,ISPA,430,78900,53.7,26.3,76.4
33.74.15,Ngaliyan,2025-09-08,ISPA,589,145800,37.1,27.4,73.3
33.74.16,Tugu,2025-09-08,ISPA,406,32100,37.1,28.1,73.6
33.74.01,Semarang Tengah,2025-09-15,ISPA,162,62540,52.0,27.6,73.1
33.74.02,Semarang Utara,2025-09-15,ISPA,604,128450,52.0,27.9,73.3
33.74.03,Semarang Timur,2025-09-15,ISPA,248,72130,52.0,27.6,73.1
33.74.04,Semarang Selatan,2025-09-15,ISPA,376,70890,52.0,27.6,73.1
33.74.05,Semarang Barat,2025-09-15,ISPA,670,158726,52.0,27.9,73.3
33.74.06,Gayamsari,2025-09-15,ISPA,122,68900,52.0,27.6,73.1
33.74.07,Candisari,2025-09-15,ISPA,311,78420,52.0,27.6,73.1
33.74.08,Gajahmungkur,2025-09-15,ISPA,229,58310,52.0,27.6,73.1
33.74.09,Genuk,2025-09-15,ISPA,287,112400,52.7,27.6,73.7
33.74.10,Pedurungan,2025-09-15,ISPA,1364,192500,52.7,27.7,73.7
33.74.11,Tembalang,2025-09-15,ISPA,1037,185400,50.2,26.6,75.6
33.74.12,Banyumanik,2025-09-15,ISPA,685,142100,50.2,26.6,75.6
33.74.13,Gunungpati,2025-09-15,ISPA,298,98200,85.5,25.3,78.9
33.74.14,Mijen,2025-09-15,ISPA,430,78900,96.1,25.8,80.1
33.74.15,Ngaliyan,2025-09-15,ISPA,589,145800,66.7,27.0,76.1
33.74.16,Tugu,2025-09-15,ISPA,406,32100,66.7,27.7,76.3
33.74.01,Semarang Tengah,2025-09-22,ISPA,162,62540,15.3,29.1,67.0
33.74.02,Semarang Utara,2025-09-22,ISPA,604,128450,15.3,29.3,67.0
33.74.03,Semarang Timur,2025-09-22,ISPA,248,72130,15.3,29.1,67.0
33.74.04,Semarang Selatan,2025-09-22,ISPA,376,70890,15.3,29.1,67.0
33.74.05,Semarang Barat,2025-09-22,ISPA,670,158726,15.3,29.3,67.0
33.74.06,Gayamsari,2025-09-22,ISPA,122,68900,15.3,29.1,67.0
33.74.07,Candisari,2025-09-22,ISPA,311,78420,15.3,29.1,67.0
33.74.08,Gajahmungkur,2025-09-22,ISPA,229,58310,15.3,29.1,67.0
33.74.09,Genuk,2025-09-22,ISPA,287,112400,24.1,28.9,67.7
33.74.10,Pedurungan,2025-09-22,ISPA,1364,192500,24.1,29.0,67.7
33.74.11,Tembalang,2025-09-22,ISPA,1037,185400,15.7,27.9,69.9
33.74.12,Banyumanik,2025-09-22,ISPA,685,142100,15.7,27.9,69.9
33.74.13,Gunungpati,2025-09-22,ISPA,298,98200,8.9,26.6,72.4
33.74.14,Mijen,2025-09-22,ISPA,430,78900,15.3,27.2,73.3
33.74.15,Ngaliyan,2025-09-22,ISPA,589,145800,10.7,28.5,68.9
33.74.16,Tugu,2025-09-22,ISPA,406,32100,10.7,29.2,68.9
33.74.01,Semarang Tengah,2025-09-29,ISPA,162,62540,32.0,27.9,73.0
33.74.02,Semarang Utara,2025-09-29,ISPA,604,128450,32.0,28.1,73.0
33.74.03,Semarang Timur,2025-09-29,ISPA,248,72130,32.0,27.9,73.0
33.74.04,Semarang Selatan,2025-09-29,ISPA,376,70890,32.0,27.9,73.0
33.74.05,Semarang Barat,2025-09-29,ISPA,670,158726,32.0,28.1,73.0
33.74.06,Gayamsari,2025-09-29,ISPA,122,68900,32.0,27.9,73.0
33.74.07,Candisari,2025-09-29,ISPA,311,78420,32.0,27.9,73.0
33.74.08,Gajahmungkur,2025-09-29,ISPA,229,58310,32.0,27.9,73.0
33.74.09,Genuk,2025-09-29,ISPA,287,112400,46.6,27.8,73.0
33.74.10,Pedurungan,2025-09-29,ISPA,1364,192500,46.6,28.0,73.0
33.74.11,Tembalang,2025-09-29,ISPA,1037,185400,29.5,27.1,73.0
33.74.12,Banyumanik,2025-09-29,ISPA,685,142100,29.5,27.1,73.0
33.74.13,Gunungpati,2025-09-29,ISPA,298,98200,20.6,25.8,74.7
33.74.14,Mijen,2025-09-29,ISPA,430,78900,35.9,26.5,75.0
33.74.15,Ngaliyan,2025-09-29,ISPA,589,145800,19.1,27.6,72.9
33.74.16,Tugu,2025-09-29,ISPA,406,32100,19.1,28.3,73.1
33.74.01,Semarang Tengah,2025-10-06,ISPA,246,62540,3.6,29.5,62.6
33.74.02,Semarang Utara,2025-10-06,ISPA,710,128450,3.6,29.7,62.9
33.74.03,Semarang Timur,2025-10-06,ISPA,284,72130,3.6,29.5,62.6
33.74.04,Semarang Selatan,2025-10-06,ISPA,427,70890,3.6,29.5,62.6
33.74.05,Semarang Barat,2025-10-06,ISPA,884,158726,3.6,29.7,62.9
33.74.06,Gayamsari,2025-10-06,ISPA,232,68900,3.6,29.5,62.6
33.74.07,Candisari,2025-10-06,ISPA,352,78420,3.6,29.5,62.6
33.74.08,Gajahmungkur,2025-10-06,ISPA,134,58310,3.6,29.5,62.6
33.74.09,Genuk,2025-10-06,ISPA,246,112400,3.1,29.6,62.1
33.74.10,Pedurungan,2025-10-06,ISPA,1777,192500,3.1,29.8,62.1
33.74.11,Tembalang,2025-10-06,ISPA,1272,185400,1.4,28.5,63.4
33.74.12,Banyumanik,2025-10-06,ISPA,778,142100,1.4,28.5,63.4
33.74.13,Gunungpati,2025-10-06,ISPA,266,98200,7.4,26.9,67.0
33.74.14,Mijen,2025-10-06,ISPA,467,78900,6.9,27.4,68.9
33.74.15,Ngaliyan,2025-10-06,ISPA,745,145800,5.9,28.9,63.4
33.74.16,Tugu,2025-10-06,ISPA,493,32100,5.9,29.6,63.7
33.74.01,Semarang Tengah,2025-10-13,ISPA,246,62540,36.0,29.7,67.6
33.74.02,Semarang Utara,2025-10-13,ISPA,710,128450,36.0,29.9,67.6
33.74.03,Semarang Timur,2025-10-13,ISPA,284,72130,36.0,29.7,67.6
33.74.04,Semarang Selatan,2025-10-13,ISPA,427,70890,36.0,29.7,67.6
33.74.05,Semarang Barat,2025-10-13,ISPA,884,158726,36.0,29.9,67.6
33.74.06,Gayamsari,2025-10-13,ISPA,232,68900,36.0,29.7,67.6
33.74.07,Candisari,2025-10-13,ISPA,352,78420,36.0,29.7,67.6
33.74.08,Gajahmungkur,2025-10-13,ISPA,134,58310,36.0,29.7,67.6
33.74.09,Genuk,2025-10-13,ISPA,246,112400,32.3,29.7,67.7
33.74.10,Pedurungan,2025-10-13,ISPA,1777,192500,32.3,29.9,67.9
33.74.11,Tembalang,2025-10-13,ISPA,1272,185400,25.0,28.9,67.6
33.74.12,Banyumanik,2025-10-13,ISPA,778,142100,25.0,28.9,67.6
33.74.13,Gunungpati,2025-10-13,ISPA,266,98200,24.1,27.2,72.9
33.74.14,Mijen,2025-10-13,ISPA,467,78900,30.4,27.6,75.4
33.74.15,Ngaliyan,2025-10-13,ISPA,745,145800,23.2,28.8,71.1
33.74.16,Tugu,2025-10-13,ISPA,493,32100,23.2,29.5,71.1
33.74.01,Semarang Tengah,2025-10-20,ISPA,246,62540,150.9,26.8,85.4
33.74.02,Semarang Utara,2025-10-20,ISPA,710,128450,150.9,27.0,85.4
33.74.03,Semarang Timur,2025-10-20,ISPA,284,72130,150.9,26.8,85.4
33.74.04,Semarang Selatan,2025-10-20,ISPA,427,70890,150.9,26.8,85.4
33.74.05,Semarang Barat,2025-10-20,ISPA,884,158726,150.9,27.0,85.4
33.74.06,Gayamsari,2025-10-20,ISPA,232,68900,150.9,26.8,85.4
33.74.07,Candisari,2025-10-20,ISPA,352,78420,150.9,26.8,85.4
33.74.08,Gajahmungkur,2025-10-20,ISPA,134,58310,150.9,26.8,85.4
33.74.09,Genuk,2025-10-20,ISPA,246,112400,167.8,26.9,85.0
33.74.10,Pedurungan,2025-10-20,ISPA,1777,192500,167.8,27.1,85.0
33.74.11,Tembalang,2025-10-20,ISPA,1272,185400,199.9,26.0,87.1
33.74.12,Banyumanik,2025-10-20,ISPA,778,142100,199.9,26.0,87.1
33.74.13,Gunungpati,2025-10-20,ISPA,266,98200,237.5,24.9,88.1
33.74.14,Mijen,2025-10-20,ISPA,467,78900,209.9,25.5,87.7
33.74.15,Ngaliyan,2025-10-20,ISPA,745,145800,204.2,26.4,86.1
33.74.16,Tugu,2025-10-20,ISPA,493,32100,204.2,27.1,86.3
33.74.01,Semarang Tengah,2025-10-27,ISPA,246,62540,59.8,26.9,84.6
33.74.02,Semarang Utara,2025-10-27,ISPA,710,128450,59.8,27.1,84.6
33.74.03,Semarang Timur,2025-10-27,ISPA,284,72130,59.8,26.9,84.6
33.74.04,Semarang Selatan,2025-10-27,ISPA,427,70890,59.8,26.9,84.6
33.74.05,Semarang Barat,2025-10-27,ISPA,884,158726,59.8,27.1,84.6
33.74.06,Gayamsari,2025-10-27,ISPA,232,68900,59.8,26.9,84.6
33.74.07,Candisari,2025-10-27,ISPA,352,78420,59.8,26.9,84.6
33.74.08,Gajahmungkur,2025-10-27,ISPA,134,58310,59.8,26.9,84.6
33.74.09,Genuk,2025-10-27,ISPA,246,112400,74.4,27.0,84.3
33.74.10,Pedurungan,2025-10-27,ISPA,1777,192500,74.4,27.1,84.3
33.74.11,Tembalang,2025-10-27,ISPA,1272,185400,68.1,26.1,85.0
33.74.12,Banyumanik,2025-10-27,ISPA,778,142100,68.1,26.1,85.0
33.74.13,Gunungpati,2025-10-27,ISPA,266,98200,69.1,25.0,85.9
33.74.14,Mijen,2025-10-27,ISPA,467,78900,65.5,25.7,85.1
33.74.15,Ngaliyan,2025-10-27,ISPA,745,145800,57.5,26.6,84.3
33.74.16,Tugu,2025-10-27,ISPA,493,32100,57.5,27.3,84.3
33.74.01,Semarang Tengah,2025-11-03,ISPA,268,62540,39.2,27.1,82.9
33.74.02,Semarang Utara,2025-11-03,ISPA,889,128450,39.2,27.3,83.0
33.74.03,Semarang Timur,2025-11-03,ISPA,293,72130,39.2,27.1,82.9
33.74.04,Semarang Selatan,2025-11-03,ISPA,510,70890,39.2,27.1,82.9
33.74.05,Semarang Barat,2025-11-03,ISPA,1036,158726,39.2,27.3,83.0
33.74.06,Gayamsari,2025-11-03,ISPA,276,68900,39.2,27.1,82.9
33.74.07,Candisari,2025-11-03,ISPA,391,78420,39.2,27.1,82.9
33.74.08,Gajahmungkur,2025-11-03,ISPA,137,58310,39.2,27.1,82.9
33.74.09,Genuk,2025-11-03,ISPA,307,112400,58.3,27.0,83.6
33.74.10,Pedurungan,2025-11-03,ISPA,1227,192500,58.3,27.1,83.6
33.74.11,Tembalang,2025-11-03,ISPA,1035,185400,61.9,26.1,84.4
33.74.12,Banyumanik,2025-11-03,ISPA,920,142100,61.9,26.1,84.4
33.74.13,Gunungpati,2025-11-03,ISPA,304,98200,69.7,25.1,84.3
33.74.14,Mijen,2025-11-03,ISPA,513,78900,87.0,25.7,84.7
33.74.15,Ngaliyan,2025-11-03,ISPA,703,145800,55.9,26.8,82.7
33.74.16,Tugu,2025-11-03,ISPA,525,32100,55.9,27.5,82.7
33.74.01,Semarang Tengah,2025-11-10,ISPA,268,62540,66.9,26.6,86.0
33.74.02,Semarang Utara,2025-11-10,ISPA,889,128450,66.9,26.8,86.0
33.74.03,Semarang Timur,2025-11-10,ISPA,293,72130,66.9,26.6,86.0
33.74.04,Semarang Selatan,2025-11-10,ISPA,510,70890,66.9,26.6,86.0
33.74.05,Semarang Barat,2025-11-10,ISPA,1036,158726,66.9,26.8,86.0
33.74.06,Gayamsari,2025-11-10,ISPA,276,68900,66.9,26.6,86.0
33.74.07,Candisari,2025-11-10,ISPA,391,78420,66.9,26.6,86.0
33.74.08,Gajahmungkur,2025-11-10,ISPA,137,58310,66.9,26.6,86.0
33.74.09,Genuk,2025-11-10,ISPA,307,112400,77.6,26.5,86.0
33.74.10,Pedurungan,2025-11-10,ISPA,1227,192500,77.6,26.7,86.0
33.74.11,Tembalang,2025-11-10,ISPA,1035,185400,105.5,25.5,88.0
33.74.12,Banyumanik,2025-11-10,ISPA,920,142100,105.5,25.5,88.0
33.74.13,Gunungpati,2025-11-10,ISPA,304,98200,167.8,24.6,88.4
33.74.14,Mijen,2025-11-10,ISPA,513,78900,122.3,25.3,88.0
33.74.15,Ngaliyan,2025-11-10,ISPA,703,145800,85.8,26.3,85.7
33.74.16,Tugu,2025-11-10,ISPA,525,32100,85.8,27.0,86.0
33.74.01,Semarang Tengah,2025-11-17,ISPA,268,62540,47.2,27.0,82.7
33.74.02,Semarang Utara,2025-11-17,ISPA,889,128450,47.2,27.2,82.7
33.74.03,Semarang Timur,2025-11-17,ISPA,293,72130,47.2,27.0,82.7
33.74.04,Semarang Selatan,2025-11-17,ISPA,510,70890,47.2,27.0,82.7
33.74.05,Semarang Barat,2025-11-17,ISPA,1036,158726,47.2,27.2,82.7
33.74.06,Gayamsari,2025-11-17,ISPA,276,68900,47.2,27.0,82.7
33.74.07,Candisari,2025-11-17,ISPA,391,78420,47.2,27.0,82.7
33.74.08,Gajahmungkur,2025-11-17,ISPA,137,58310,47.2,27.0,82.7
33.74.09,Genuk,2025-11-17,ISPA,307,112400,76.8,27.0,83.3
33.74.10,Pedurungan,2025-11-17,ISPA,1227,192500,76.8,27.1,83.3
33.74.11,Tembalang,2025-11-17,ISPA,1035,185400,83.8,25.9,85.6
33.74.12,Banyumanik,2025-11-17,ISPA,920,142100,83.8,25.9,85.6
33.74.13,Gunungpati,2025-11-17,ISPA,304,98200,125.2,24.8,86.6
33.74.14,Mijen,2025-11-17,ISPA,513,78900,99.0,25.4,86.7
33.74.15,Ngaliyan,2025-11-17,ISPA,703,145800,76.6,26.5,84.4
33.74.16,Tugu,2025-11-17,ISPA,525,32100,76.6,27.2,84.6
33.74.01,Semarang Tengah,2025-11-24,ISPA,268,62540,8.1,28.6,68.4
33.74.02,Semarang Utara,2025-11-24,ISPA,889,128450,8.1,28.8,68.6
33.74.03,Semarang Timur,2025-11-24,ISPA,293,72130,8.1,28.6,68.4
33.74.04,Semarang Selatan,2025-11-24,ISPA,510,70890,8.1,28.6,68.4
33.74.05,Semarang Barat,2025-11-24,ISPA,1036,158726,8.1,28.8,68.6
33.74.06,Gayamsari,2025-11-24,ISPA,276,68900,8.1,28.6,68.4
33.74.07,Candisari,2025-11-24,ISPA,391,78420,8.1,28.6,68.4
33.74.08,Gajahmungkur,2025-11-24,ISPA,137,58310,8.1,28.6,68.4
33.74.09,Genuk,2025-11-24,ISPA,307,112400,19.9,27.8,76.6
33.74.10,Pedurungan,2025-11-24,ISPA,1227,192500,19.9,27.9,76.6
33.74.11,Tembalang,2025-11-24,ISPA,1035,185400,29.2,26.7,78.9
33.74.12,Banyumanik,2025-11-24,ISPA,920,142100,29.2,26.7,78.9
33.74.13,Gunungpati,2025-11-24,ISPA,304,98200,38.1,25.8,76.9
33.74.14,Mijen,2025-11-24,ISPA,513,78900,39.2,26.4,75.9
33.74.15,Ngaliyan,2025-11-24,ISPA,703,145800,13.4,27.5,75.3
33.74.16,Tugu,2025-11-24,ISPA,525,32100,13.4,28.2,75.3
33.74.01,Semarang Tengah,2025-12-01,ISPA,175,62540,25.8,27.3,80.0
33.74.02,Semarang Utara,2025-12-01,ISPA,414,128450,25.8,27.5,80.1
33.74.03,Semarang Timur,2025-12-01,ISPA,268,72130,25.8,27.3,80.0
33.74.04,Semarang Selatan,2025-12-01,ISPA,304,70890,25.8,27.3,80.0
33.74.05,Semarang Barat,2025-12-01,ISPA,690,158726,25.8,27.5,80.1
33.74.06,Gayamsari,2025-12-01,ISPA,231,68900,25.8,27.3,80.0
33.74.07,Candisari,2025-12-01,ISPA,277,78420,25.8,27.3,80.0
33.74.08,Gajahmungkur,2025-12-01,ISPA,95,58310,25.8,27.3,80.0
33.74.09,Genuk,2025-12-01,ISPA,262,112400,41.1,27.0,82.1
33.74.10,Pedurungan,2025-12-01,ISPA,544,192500,41.1,27.2,82.1
33.74.11,Tembalang,2025-12-01,ISPA,774,185400,60.6,26.0,84.7
33.74.12,Banyumanik,2025-12-01,ISPA,613,142100,60.6,26.0,84.7
33.74.13,Gunungpati,2025-12-01,ISPA,216,98200,75.6,25.0,85.3
33.74.14,Mijen,2025-12-01,ISPA,334,78900,83.6,25.5,85.6
33.74.15,Ngaliyan,2025-12-01,ISPA,475,145800,50.1,26.7,83.3
33.74.16,Tugu,2025-12-01,ISPA,337,32100,50.1,27.3,83.3
33.74.01,Semarang Tengah,2025-12-08,ISPA,175,62540,47.5,26.5,86.1
33.74.02,Semarang Utara,2025-12-08,ISPA,414,128450,47.5,26.7,86.3
33.74.03,Semarang Timur,2025-12-08,ISPA,268,72130,47.5,26.5,86.1
33.74.04,Semarang Selatan,2025-12-08,ISPA,304,70890,47.5,26.5,86.1
33.74.05,Semarang Barat,2025-12-08,ISPA,690,158726,47.5,26.7,86.3
33.74.06,Gayamsari,2025-12-08,ISPA,231,68900,47.5,26.5,86.1
33.74.07,Candisari,2025-12-08,ISPA,277,78420,47.5,26.5,86.1
33.74.08,Gajahmungkur,2025-12-08,ISPA,95,58310,47.5,26.5,86.1
33.74.09,Genuk,2025-12-08,ISPA,262,112400,44.5,26.6,85.4
33.74.10,Pedurungan,2025-12-08,ISPA,544,192500,44.5,26.7,85.4
33.74.11,Tembalang,2025-12-08,ISPA,774,185400,73.1,25.5,88.6
33.74.12,Banyumanik,2025-12-08,ISPA,613,142100,73.1,25.5,88.6
33.74.13,Gunungpati,2025-12-08,ISPA,216,98200,103.3,24.6,89.0
33.74.14,Mijen,2025-12-08,ISPA,334,78900,82.3,25.3,88.1
33.74.15,Ngaliyan,2025-12-08,ISPA,475,145800,79.4,26.1,86.7
33.74.16,Tugu,2025-12-08,ISPA,337,32100,79.4,26.8,86.7
33.74.01,Semarang Tengah,2025-12-15,ISPA,175,62540,35.2,27.2,80.4
33.74.02,Semarang Utara,2025-12-15,ISPA,414,128450,35.2,27.4,80.4
33.74.03,Semarang Timur,2025-12-15,ISPA,268,72130,35.2,27.2,80.4
33.74.04,Semarang Selatan,2025-12-15,ISPA,304,70890,35.2,27.2,80.4
33.74.05,Semarang Barat,2025-12-15,ISPA,690,158726,35.2,27.4,80.4
33.74.06,Gayamsari,2025-12-15,ISPA,231,68900,35.2,27.2,80.4
33.74.07,Candisari,2025-12-15,ISPA,277,78420,35.2,27.2,80.4
33.74.08,Gajahmungkur,2025-12-15,ISPA,95,58310,35.2,27.2,80.4
33.74.09,Genuk,2025-12-15,ISPA,262,112400,31.3,27.0,82.1
33.74.10,Pedurungan,2025-12-15,ISPA,544,192500,31.3,27.1,82.1
33.74.11,Tembalang,2025-12-15,ISPA,774,185400,69.5,26.0,82.7
33.74.12,Banyumanik,2025-12-15,ISPA,613,142100,69.5,26.0,82.7
33.74.13,Gunungpati,2025-12-15,ISPA,216,98200,102.2,25.1,83.4
33.74.14,Mijen,2025-12-15,ISPA,334,78900,102.2,25.6,84.3
33.74.15,Ngaliyan,2025-12-15,ISPA,475,145800,57.5,26.7,81.7
33.74.16,Tugu,2025-12-15,ISPA,337,32100,57.5,27.3,81.7
33.74.01,Semarang Tengah,2025-12-22,ISPA,175,62540,47.3,27.1,84.6
33.74.02,Semarang Utara,2025-12-22,ISPA,414,128450,47.3,27.3,84.6
33.74.03,Semarang Timur,2025-12-22,ISPA,268,72130,47.3,27.1,84.6
33.74.04,Semarang Selatan,2025-12-22,ISPA,304,70890,47.3,27.1,84.6
33.74.05,Semarang Barat,2025-12-22,ISPA,690,158726,47.3,27.3,84.6
33.74.06,Gayamsari,2025-12-22,ISPA,231,68900,47.3,27.1,84.6
33.74.07,Candisari,2025-12-22,ISPA,277,78420,47.3,27.1,84.6
33.74.08,Gajahmungkur,2025-12-22,ISPA,95,58310,47.3,27.1,84.6
33.74.09,Genuk,2025-12-22,ISPA,262,112400,36.6,27.0,84.1
33.74.10,Pedurungan,2025-12-22,ISPA,544,192500,36.6,27.2,84.1
33.74.11,Tembalang,2025-12-22,ISPA,774,185400,84.2,26.1,87.0
33.74.12,Banyumanik,2025-12-22,ISPA,613,142100,84.2,26.1,87.0
33.74.13,Gunungpati,2025-12-22,ISPA,216,98200,99.9,25.1,87.3
33.74.14,Mijen,2025-12-22,ISPA,334,78900,119.3,25.6,87.6
33.74.15,Ngaliyan,2025-12-22,ISPA,475,145800,72.4,26.7,85.4
33.74.16,Tugu,2025-12-22,ISPA,337,32100,72.4,27.4,85.6
33.74.01,Semarang Tengah,2025-12-29,ISPA,175,62540,20.8,26.7,82.7
33.74.02,Semarang Utara,2025-12-29,ISPA,414,128450,20.8,26.9,82.7
33.74.03,Semarang Timur,2025-12-29,ISPA,268,72130,20.8,26.7,82.7
33.74.04,Semarang Selatan,2025-12-29,ISPA,304,70890,20.8,26.7,82.7
33.74.05,Semarang Barat,2025-12-29,ISPA,690,158726,20.8,26.9,82.7
33.74.06,Gayamsari,2025-12-29,ISPA,231,68900,20.8,26.7,82.7
33.74.07,Candisari,2025-12-29,ISPA,277,78420,20.8,26.7,82.7
33.74.08,Gajahmungkur,2025-12-29,ISPA,95,58310,20.8,26.7,82.7
33.74.09,Genuk,2025-12-29,ISPA,262,112400,20.0,26.9,82.3
33.74.10,Pedurungan,2025-12-29,ISPA,544,192500,20.0,27.1,82.3
33.74.11,Tembalang,2025-12-29,ISPA,774,185400,32.1,25.6,85.3
33.74.12,Banyumanik,2025-12-29,ISPA,613,142100,32.1,25.6,85.3
33.74.13,Gunungpati,2025-12-29,ISPA,216,98200,40.8,24.4,87.3
33.74.14,Mijen,2025-12-29,ISPA,334,78900,44.2,24.9,89.0
33.74.15,Ngaliyan,2025-12-29,ISPA,475,145800,29.8,26.1,84.3
33.74.16,Tugu,2025-12-29,ISPA,337,32100,29.8,26.8,84.7
