kecamatan_id,kecamatan_nama,month_start,disease,cases,population,rainfall_mm,temp_mean_c,humidity_pct
33.74.01,Semarang Tengah,2025-01-01,ISPA,959,62540,287.0,26.2,86.4
33.74.01,Semarang Tengah,2025-02-01,ISPA,902,62540,153.7,26.4,83.9
33.74.01,Semarang Tengah,2025-03-01,ISPA,792,62540,154.7,27.1,82.8
33.74.01,Semarang Tengah,2025-04-01,ISPA,767,62540,134.2,27.5,79.4
33.74.01,Semarang Tengah,2025-05-01,ISPA,635,62540,243.0,27.3,82.1
33.74.01,Semarang Tengah,2025-06-01,ISPA,963,62540,89.7,27.8,73.1
33.74.01,Semarang Tengah,2025-07-01,ISPA,768,62540,35.8,28.2,65.1
33.74.01,Semarang Tengah,2025-08-01,ISPA,877,62540,141.2,27.8,70.4
33.74.01,Semarang Tengah,2025-09-01,ISPA,810,62540,112.9,28.4,68.7
33.74.01,Semarang Tengah,2025-10-01,ISPA,986,62540,263.5,28.2,74.2
33.74.01,Semarang Tengah,2025-11-01,ISPA,1070,62540,173.1,27.3,80.1
33.74.01,Semarang Tengah,2025-12-01,ISPA,874,62540,176.6,27.0,82.8
33.74.02,Semarang Utara,2025-01-01,ISPA,1811,128450,287.0,26.5,86.4
33.74.02,Semarang Utara,2025-02-01,ISPA,2224,128450,153.7,26.6,83.9
33.74.02,Semarang Utara,2025-03-01,ISPA,2249,128450,154.7,27.3,82.9
33.74.02,Semarang Utara,2025-04-01,ISPA,2884,128450,134.2,27.7,79.4
33.74.02,Semarang Utara,2025-05-01,ISPA,2444,128450,243.0,27.5,82.1
33.74.02,Semarang Utara,2025-06-01,ISPA,2312,128450,89.7,28.0,73.1
33.74.02,Semarang Utara,2025-07-01,ISPA,2508,128450,35.8,28.4,65.2
33.74.02,Semarang Utara,2025-08-01,ISPA,2635,128450,141.2,28.0,70.4
33.74.02,Semarang Utara,2025-09-01,ISPA,3021,128450,112.9,28.6,68.8
33.74.02,Semarang Utara,2025-10-01,ISPA,2842,128450,263.5,28.5,74.2
33.74.02,Semarang Utara,2025-11-01,ISPA,3555,128450,173.1,27.6,80.1
33.74.02,Semarang Utara,2025-12-01,ISPA,2068,128450,176.6,27.2,82.8
33.74.03,Semarang Timur,2025-01-01,ISPA,1563,72130,287.0,26.2,86.4
33.74.03,Semarang Timur,2025-02-01,ISPA,1423,72130,153.7,26.4,83.9
33.74.03,Semarang Timur,2025-03-01,ISPA,1377,72130,154.7,27.1,82.8
33.74.03,Semarang Timur,2025-04-01,ISPA,1299,72130,134.2,27.5,79.4
33.74.03,Semarang Timur,2025-05-01,ISPA,1413,72130,243.0,27.3,82.1
33.74.03,Semarang Timur,2025-06-01,ISPA,1094,72130,89.7,27.8,73.1
33.74.03,Semarang Timur,2025-07-01,ISPA,1043,72130,35.8,28.2,65.1
33.74.03,Semarang Timur,2025-08-01,ISPA,1192,72130,141.2,27.8,70.4
33.74.03,Semarang Timur,2025-09-01,ISPA,1242,72130,112.9,28.4,68.7
33.74.03,Semarang Timur,2025-10-01,ISPA,1134,72130,263.5,28.2,74.2
33.74.03,Semarang Timur,2025-11-01,ISPA,1173,72130,173.1,27.3,80.1
33.74.03,Semarang Timur,2025-12-01,ISPA,1338,72130,176.6,27.0,82.8
33.74.04,Semarang Selatan,2025-01-01,ISPA,443,70890,287.0,26.2,86.4
33.74.04,Semarang Selatan,2025-02-01,ISPA,150,70890,153.7,26.4,83.9
33.74.04,Semarang Selatan,2025-03-01,ISPA,1567,70890,154.7,27.1,82.8
33.74.04,Semarang Selatan,2025-04-01,ISPA,1294,70890,134.2,27.5,79.4
33.74.04,Semarang Selatan,2025-05-01,ISPA,1294,70890,243.0,27.3,82.1
33.74.04,Semarang Selatan,2025-06-01,ISPA,1378,70890,89.7,27.8,73.1
33.74.04,Semarang Selatan,2025-07-01,ISPA,1547,70890,35.8,28.2,65.1
33.74.04,Semarang Selatan,2025-08-01,ISPA,1774,70890,141.2,27.8,70.4
33.74.04,Semarang Selatan,2025-09-01,ISPA,1879,70890,112.9,28.4,68.7
33.74.04,Semarang Selatan,2025-10-01,ISPA,1709,70890,263.5,28.2,74.2
33.74.04,Semarang Selatan,2025-11-01,ISPA,2038,70890,173.1,27.3,80.1
33.74.04,Semarang Selatan,2025-12-01,ISPA,1522,70890,176.6,27.0,82.8
33.74.05,Semarang Barat,2025-01-01,ISPA,2904,158726,287.0,26.5,86.4
33.74.05,Semarang Barat,2025-02-01,ISPA,3007,158726,153.7,26.6,83.9
33.74.05,Semarang Barat,2025-03-01,ISPA,2747,158726,154.7,27.3,82.9
33.74.05,Semarang Barat,2025-04-01,ISPA,2188,158726,134.2,27.7,79.4
33.74.05,Semarang Barat,2025-05-01,ISPA,2432,158726,243.0,27.5,82.1
33.74.05,Semarang Barat,2025-06-01,ISPA,2867,158726,89.7,28.0,73.1
33.74.05,Semarang Barat,2025-07-01,ISPA,2761,158726,35.8,28.4,65.2
33.74.05,Semarang Barat,2025-08-01,ISPA,3371,158726,141.2,28.0,70.4
33.74.05,Semarang Barat,2025-09-01,ISPA,3350,158726,112.9,28.6,68.8
33.74.05,Semarang Barat,2025-10-01,ISPA,3534,158726,263.5,28.5,74.2
33.74.05,Semarang Barat,2025-11-01,ISPA,4144,158726,173.1,27.6,80.1
33.74.05,Semarang Barat,2025-12-01,ISPA,3452,158726,176.6,27.2,82.8
33.74.06,Gayamsari,2025-01-01,ISPA,1175,68900,287.0,26.2,86.4
33.74.06,Gayamsari,2025-02-01,ISPA,1335,68900,153.7,26.4,83.9
33.74.06,Gayamsari,2025-03-01,ISPA,913,68900,154.7,27.1,82.8
33.74.06,Gayamsari,2025-04-01,ISPA,924,68900,134.2,27.5,79.4
33.74.06,Gayamsari,2025-05-01,ISPA,955,68900,243.0,27.3,82.1
33.74.06,Gayamsari,2025-06-01,ISPA,1214,68900,89.7,27.8,73.1
33.74.06,Gayamsari,2025-07-01,ISPA,1341,68900,35.8,28.2,65.1
33.74.06,Gayamsari,2025-08-01,ISPA,1529,68900,141.2,27.8,70.4
33.74.06,Gayamsari,2025-09-01,ISPA,612,68900,112.9,28.4,68.7
33.74.06,Gayamsari,2025-10-01,ISPA,928,68900,263.5,28.2,74.2
33.74.06,Gayamsari,2025-11-01,ISPA,1104,68900,173.1,27.3,80.1
33.74.06,Gayamsari,2025-12-01,ISPA,1156,68900,176.6,27.0,82.8
33.74.07,Candisari,2025-01-01,ISPA,1452,78420,287.0,26.2,86.4
33.74.07,Candisari,2025-02-01,ISPA,1590,78420,153.7,26.4,83.9
33.74.07,Candisari,2025-03-01,ISPA,1487,78420,154.7,27.1,82.8
33.74.07,Candisari,2025-04-01,ISPA,1247,78420,134.2,27.5,79.4
33.74.07,Candisari,2025-05-01,ISPA,1154,78420,243.0,27.3,82.1
33.74.07,Candisari,2025-06-01,ISPA,1594,78420,89.7,27.8,73.1
33.74.07,Candisari,2025-07-01,ISPA,1393,78420,35.8,28.2,65.1
33.74.07,Candisari,2025-08-01,ISPA,1587,78420,141.2,27.8,70.4
33.74.07,Candisari,2025-09-01,ISPA,1556,78420,112.9,28.4,68.7
33.74.07,Candisari,2025-10-01,ISPA,1407,78420,263.5,28.2,74.2
33.74.07,Candisari,2025-11-01,ISPA,1563,78420,173.1,27.3,80.1
33.74.07,Candisari,2025-12-01,ISPA,1383,78420,176.6,27.0,82.8
33.74.08,Gajahmungkur,2025-01-01,ISPA,0,58310,287.0,26.2,86.4
33.74.08,Gajahmungkur,2025-02-01,ISPA,0,58310,153.7,26.4,83.9
33.74.08,Gajahmungkur,2025-03-01,ISPA,513,58310,154.7,27.1,82.8
33.74.08,Gajahmungkur,2025-04-01,ISPA,388,58310,134.2,27.5,79.4
33.74.08,Gajahmungkur,2025-05-01,ISPA,376,58310,243.0,27.3,82.1
33.74.08,Gajahmungkur,2025-06-01,ISPA,406,58310,89.7,27.8,73.1
33.74.08,Gajahmungkur,2025-07-01,ISPA,589,58310,35.8,28.2,65.1
33.74.08,Gajahmungkur,2025-08-01,ISPA,505,58310,141.2,27.8,70.4
33.74.08,Gajahmungkur,2025-09-01,ISPA,1147,58310,112.9,28.4,68.7
33.74.08,Gajahmungkur,2025-10-01,ISPA,538,58310,263.5,28.2,74.2
33.74.08,Gajahmungkur,2025-11-01,ISPA,549,58310,173.1,27.3,80.1
33.74.08,Gajahmungkur,2025-12-01,ISPA,473,58310,176.6,27.0,82.8
33.74.09,Genuk,2025-01-01,ISPA,1160,112400,238.1,26.5,84.6
33.74.09,Genuk,2025-02-01,ISPA,1435,112400,138.2,26.8,81.9
33.74.09,Genuk,2025-03-01,ISPA,1369,112400,212.2,27.1,83.0
33.74.09,Genuk,2025-04-01,ISPA,1074,112400,150.2,27.7,78.2
33.74.09,Genuk,2025-05-01,ISPA,1175,112400,270.2,27.1,83.3
33.74.09,Genuk,2025-06-01,ISPA,1305,112400,90.5,27.5,75.3
33.74.09,Genuk,2025-07-01,ISPA,1171,112400,40.7,28.0,66.3
33.74.09,Genuk,2025-08-01,ISPA,1282,112400,141.4,27.7,70.9
33.74.09,Genuk,2025-09-01,ISPA,1435,112400,125.5,28.3,68.8
33.74.09,Genuk,2025-10-01,ISPA,983,112400,299.4,28.3,73.7
33.74.09,Genuk,2025-11-01,ISPA,1228,112400,251.2,27.1,82.4
33.74.09,Genuk,2025-12-01,ISPA,1308,112400,173.5,26.9,83.4
33.74.10,Pedurungan,2025-01-01,ISPA,5241,192500,238.1,26.7,84.6
33.74.10,Pedurungan,2025-02-01,ISPA,4670,192500,138.2,27.0,82.0
33.74.10,Pedurungan,2025-03-01,ISPA,5687,192500,212.2,27.3,83.0
33.74.10,Pedurungan,2025-04-01,ISPA,5267,192500,150.2,27.9,78.3
33.74.10,Pedurungan,2025-05-01,ISPA,5887,192500,270.2,27.3,83.3
33.74.10,Pedurungan,2025-06-01,ISPA,6575,192500,90.5,27.7,75.3
33.74.10,Pedurungan,2025-07-01,ISPA,2217,192500,40.7,28.1,66.3
33.74.10,Pedurungan,2025-08-01,ISPA,5922,192500,141.4,27.8,70.9
33.74.10,Pedurungan,2025-09-01,ISPA,6821,192500,125.5,28.5,68.8
33.74.10,Pedurungan,2025-10-01,ISPA,7107,192500,299.4,28.5,73.8
33.74.10,Pedurungan,2025-11-01,ISPA,4908,192500,251.2,27.2,82.4
33.74.10,Pedurungan,2025-12-01,ISPA,2721,192500,173.5,27.1,83.4
33.74.11,Tembalang,2025-01-01,ISPA,2113,185400,381.7,25.3,87.9
33.74.11,Tembalang,2025-02-01,ISPA,1297,185400,252.1,25.6,85.0
33.74.11,Tembalang,2025-03-01,ISPA,2199,185400,277.3,26.0,85.1
33.74.11,Tembalang,2025-04-01,ISPA,2181,185400,214.8,26.2,82.5
33.74.11,Tembalang,2025-05-01,ISPA,2005,185400,301.8,26.1,84.6
33.74.11,Tembalang,2025-06-01,ISPA,3732,185400,87.1,26.4,77.4
33.74.11,Tembalang,2025-07-01,ISPA,5847,185400,48.5,26.8,69.8
33.74.11,Tembalang,2025-08-01,ISPA,4135,185400,147.1,26.7,72.7
33.74.11,Tembalang,2025-09-01,ISPA,5186,185400,97.3,27.4,70.2
33.74.11,Tembalang,2025-10-01,ISPA,5087,185400,310.5,27.4,74.7
33.74.11,Tembalang,2025-11-01,ISPA,4139,185400,288.4,26.1,84.0
33.74.11,Tembalang,2025-12-01,ISPA,3869,185400,319.5,25.9,85.7
33.74.12,Banyumanik,2025-01-01,ISPA,2599,142100,381.7,25.3,87.9
33.74.12,Banyumanik,2025-02-01,ISPA,2522,142100,252.1,25.6,85.0
33.74.12,Banyumanik,2025-03-01,ISPA,2073,142100,277.3,26.0,85.1
33.74.12,Banyumanik,2025-04-01,ISPA,2201,142100,214.8,26.2,82.5
33.74.12,Banyumanik,2025-05-01,ISPA,1730,142100,301.8,26.1,84.6
33.74.12,Banyumanik,2025-06-01,ISPA,1991,142100,87.1,26.4,77.4
33.74.12,Banyumanik,2025-07-01,ISPA,2759,142100,48.5,26.8,69.8
33.74.12,Banyumanik,2025-08-01,ISPA,3089,142100,147.1,26.7,72.7
33.74.12,Banyumanik,2025-09-01,ISPA,3427,142100,97.3,27.4,70.2
33.74.12,Banyumanik,2025-10-01,ISPA,3112,142100,310.5,27.4,74.7
33.74.12,Banyumanik,2025-11-01,ISPA,3681,142100,288.4,26.1,84.0
33.74.12,Banyumanik,2025-12-01,ISPA,3063,142100,319.5,25.9,85.7
33.74.13,Gunungpati,2025-01-01,ISPA,898,98200,621.9,24.2,89.4
33.74.13,Gunungpati,2025-02-01,ISPA,937,98200,389.6,24.4,87.9
33.74.13,Gunungpati,2025-03-01,ISPA,879,98200,400.4,24.9,86.9
33.74.13,Gunungpati,2025-04-01,ISPA,669,98200,341.4,25.0,84.9
33.74.13,Gunungpati,2025-05-01,ISPA,837,98200,411.4,25.1,86.1
33.74.13,Gunungpati,2025-06-01,ISPA,698,98200,133.4,25.3,79.8
33.74.13,Gunungpati,2025-07-01,ISPA,1003,98200,68.5,25.5,72.7
33.74.13,Gunungpati,2025-08-01,ISPA,943,98200,150.6,25.3,75.7
33.74.13,Gunungpati,2025-09-01,ISPA,1489,98200,145.8,26.0,73.1
33.74.13,Gunungpati,2025-10-01,ISPA,1064,98200,337.6,26.0,77.4
33.74.13,Gunungpati,2025-11-01,ISPA,1214,98200,409.6,25.1,83.9
33.74.13,Gunungpati,2025-12-01,ISPA,1082,98200,421.8,24.9,86.4
33.74.14,Mijen,2025-01-01,ISPA,1777,78900,566.4,24.8,90.3
33.74.14,Mijen,2025-02-01,ISPA,1629,78900,417.5,24.8,89.5
33.74.14,Mijen,2025-03-01,ISPA,1437,78900,381.5,25.4,88.0
33.74.14,Mijen,2025-04-01,ISPA,1374,78900,315.0,25.5,86.2
33.74.14,Mijen,2025-05-01,ISPA,1424,78900,384.8,25.6,87.3
33.74.14,Mijen,2025-06-01,ISPA,1645,78900,156.4,25.9,80.9
33.74.14,Mijen,2025-07-01,ISPA,1957,78900,65.0,26.0,73.8
33.74.14,Mijen,2025-08-01,ISPA,2183,78900,128.1,25.9,76.7
33.74.14,Mijen,2025-09-01,ISPA,2148,78900,185.1,26.5,74.7
33.74.14,Mijen,2025-10-01,ISPA,1869,78900,325.5,26.6,78.1
33.74.14,Mijen,2025-11-01,ISPA,2053,78900,358.9,25.7,83.8
33.74.14,Mijen,2025-12-01,ISPA,1668,78900,431.6,25.4,86.6
33.74.15,Ngaliyan,2025-01-01,ISPA,1512,145800,388.8,25.8,86.9
33.74.15,Ngaliyan,2025-02-01,ISPA,1823,145800,198.0,25.9,85.4
33.74.15,Ngaliyan,2025-03-01,ISPA,1653,145800,187.8,26.6,83.8
33.74.15,Ngaliyan,2025-04-01,ISPA,1840,145800,138.8,26.9,80.3
33.74.15,Ngaliyan,2025-05-01,ISPA,1491,145800,202.9,26.9,82.1
33.74.15,Ngaliyan,2025-06-01,ISPA,2762,145800,95.9,27.5,73.1
33.74.15,Ngaliyan,2025-07-01,ISPA,2675,145800,40.0,27.9,64.9
33.74.15,Ngaliyan,2025-08-01,ISPA,2520,145800,103.1,27.2,71.6
33.74.15,Ngaliyan,2025-09-01,ISPA,2943,145800,127.1,27.8,69.7
33.74.15,Ngaliyan,2025-10-01,ISPA,2979,145800,290.3,27.7,75.3
33.74.15,Ngaliyan,2025-11-01,ISPA,2813,145800,242.4,26.8,81.9
33.74.15,Ngaliyan,2025-12-01,ISPA,2377,145800,289.2,26.5,84.3
33.74.16,Tugu,2025-01-01,ISPA,1761,32100,388.8,26.5,87.0
33.74.16,Tugu,2025-02-01,ISPA,1624,32100,198.0,26.6,85.5
33.74.16,Tugu,2025-03-01,ISPA,1598,32100,187.8,27.3,83.9
33.74.16,Tugu,2025-04-01,ISPA,1309,32100,138.8,27.6,80.4
33.74.16,Tugu,2025-05-01,ISPA,1367,32100,202.9,27.6,82.3
33.74.16,Tugu,2025-06-01,ISPA,1509,32100,95.9,28.2,73.2
33.74.16,Tugu,2025-07-01,ISPA,1690,32100,40.0,28.6,65.0
33.74.16,Tugu,2025-08-01,ISPA,2036,32100,103.1,27.9,71.7
33.74.16,Tugu,2025-09-01,ISPA,2028,32100,127.1,28.5,69.9
33.74.16,Tugu,2025-10-01,ISPA,1971,32100,290.3,28.4,75.5
33.74.16,Tugu,2025-11-01,ISPA,2100,32100,242.4,27.5,82.0
33.74.16,Tugu,2025-12-01,ISPA,1685,32100,289.2,27.2,84.4
